global_index	edit_id	verb	original_en	result_zh	time_zh
301	human_001_E1	change	Starting at 16.0 seconds, change the green fortress toy from green to stone gray over the next two seconds.	堡垒玩具是否从绿色变为石质灰色？	该变化是否在 2 秒内完成？
304	human_002_E1	change	Starting at 14.0 seconds, change the woman's hair from brown to dark auburn over the next two seconds.	女子的头发是否从棕色变为深赤褐色？	该变化是否在 2 秒内完成？
307	human_007_E1	change	Starting at 14.0 seconds, change the man's short beard to a narrow moustache over the next two seconds.	男子的短胡须是否变为窄八字胡？	该变化是否在 2 秒内完成？
309	human_007_E2B	change	Starting at 29.0 seconds, change the view to the speaker's first-person perspective over the next three seconds.	视角是否切换为说话者的第一人称视角？	该变化是否在 3 秒内完成？
321	human_017_E2B	render	Starting at 31.0 seconds, render the standing character's curved-handled cane as a clay-animation prop over the next two seconds.	站立角色的弯柄手杖是否被渲染为黏土动画道具？	该渲染是否在 2 秒内完成？
330	human_020_E2B	transform	Starting at 32.0 seconds, transform the full frame into an authentic 1980s home-video recording over the next two seconds.	整个画面是否转变为真实的 1980 年代家庭录像风格？	该转换是否在 2 秒内完成？
334	human_026_E1	change	Starting at 12.0 seconds, change the leading runner's red jersey to bright yellow over the next two seconds.	领跑者的运动衫是否从红色变为亮黄色？	该变化是否在 2 秒内完成？
337	human_027_E1	change	Starting at 15.0 seconds, change the woman's tied-back blond hair to loose shoulder-length hair over the next two seconds.	女子束起的金发是否变为披散的齐肩发？	该变化是否在 2 秒内完成？
340	human_028_E1	change	Starting at 14.0 seconds, change the green electric guitar to a sunburst brown finish over the next two seconds.	电吉他是否从绿色变为棕色渐变漆面？	该变化是否在 2 秒内完成？
342	human_028_E2B	render	Starting at 29.0 seconds, render the performance background in a carved woodcut style over the next two seconds.	表演背景是否被渲染为雕刻木版画风格？	该渲染是否在 2 秒内完成？
346	human_031_E1	change	Starting at 14.0 seconds, change the red storage cabinet in the background to teal over the next two seconds.	背景中的储物柜是否从红色变为蓝绿色？	该变化是否在 2 秒内完成？
357	human_039_E2B	change	Starting at 29.0 seconds, change the view to the podcast speaker's first-person perspective over three seconds.	视角是否切换为播客说话者的第一人称视角？	该变化是否在 3 秒内完成？
361	human_045_E1	change	Starting at 14.0 seconds, change the clear storage-bin lid to translucent blue over the next two seconds.	透明储物箱盖是否变为半透明蓝色？	该变化是否在 2 秒内完成？
364	human_046_E1	change	Starting at 14.0 seconds, change the middle singer's short hair to shoulder-length braids over the next two seconds.	中间歌手的短发是否变为齐肩辫发？	该变化是否在 2 秒内完成？
367	human_047_E1	change	Starting at 16.0 seconds, change the sunny courtyard to lightly overcast conditions over the next three seconds.	庭院天气是否从阳光明媚变为轻度阴天？	该变化是否在 3 秒内完成？
370	human_048_E1	change	Starting at 14.0 seconds, change the older man's red suspenders to navy blue over the next two seconds.	年长男子的背带是否从红色变为海军蓝色？	该变化是否在 2 秒内完成？
372	human_048_E2B	render	Starting at 29.0 seconds, render the tabletop miniature model in a low-poly style over the next two seconds.	桌面微缩模型是否被渲染为低多边形风格？	该渲染是否在 2 秒内完成？
373	human_049_E1	change	Starting at 20.0 seconds, change the Russian representative's navy tie to burgundy red over the next two seconds.	俄罗斯代表的领带是否从海军蓝变为酒红色？	该变化是否在 2 秒内完成？
376	human_050_E1	change	Starting at 14.0 seconds, change the shoe's red-orange laces to bright blue over the next two seconds.	鞋子的鞋带是否从红橙色变为亮蓝色？	该变化是否在 2 秒内完成？
387	human_057_E2B	render	Starting at 29.0 seconds, render the speaker as a detailed ink illustration over the next two seconds.	说话者是否被渲染为细节丰富的墨线插画？	该渲染是否在 2 秒内完成？
391	human_061_E1	change	Starting at 14.0 seconds, change the trainer's red sports top to turquoise over the next two seconds.	教练的运动上衣是否从红色变为蓝绿色？	该变化是否在 2 秒内完成？
394	human_062_E1	change	Starting at 13.5 seconds, change the visible board surface to a pale green finish over the next two seconds.	可见板面是否变为浅绿色饰面？	该变化是否在 2 秒内完成？
397	human_063_E1	change	Starting at 14.0 seconds, change the man's yellow striped hat to solid orange over the next two seconds.	男子的帽子是否从黄色条纹变为纯橙色？	该变化是否在 2 秒内完成？
399	human_063_E2B	change	Starting at 29.0 seconds, change the view to the man's first-person perspective over three seconds.	视角是否切换为男子的第一人称视角？	该变化是否在 3 秒内完成？
400	human_064_E1	change	Starting at 14.0 seconds, change the man's short beard to a pointed goatee over the next two seconds.	男子的短胡须是否变为尖山羊胡？	该变化是否在 2 秒内完成？
402	human_064_E2B	apply	Starting at 29.0 seconds, apply a fine halftone print texture to the full frame over the next two seconds.	整个画面是否应用了精细的半色调印刷纹理？	该效果应用是否在 2 秒内完成？
403	human_067_E1	change	Starting at 14.0 seconds, change the kitchen lighting from neutral light to warm golden light over the next two seconds.	厨房照明是否从中性光变为暖金色光？	该变化是否在 2 秒内完成？
405	human_067_E2B	change	Starting at 29.0 seconds, change the view to the man's first-person perspective over the next two seconds.	视角是否切换为男子的第一人称视角？	该变化是否在 2 秒内完成？
406	human_068_E1	change	Starting at 14.0 seconds, change the bar lighting from neutral light to rich amber light over the next two seconds.	酒吧照明是否从中性光变为浓郁的琥珀色光？	该变化是否在 2 秒内完成？
409	human_071_E1	change	Starting at 18.0 seconds, change the studio lighting from warm neutral light to cool blue light over the next two seconds.	演播室照明是否从暖中性光变为冷蓝色光？	该变化是否在 2 秒内完成？
417	human_077_E2B	transform	Starting at 29.0 seconds, transform the full frame into a hand-painted watercolor scene over the next two seconds.	整个画面是否转变为手绘水彩场景？	该转换是否在 2 秒内完成？
420	human_078_E2B	apply	Starting at 29.0 seconds, apply a crisp high-contrast tone to the full frame over the next two seconds.	整个画面是否应用了清晰的高对比度色调？	该效果应用是否在 2 秒内完成？
424	human_083_E1	change	Starting at 14.0 seconds, change the man's light beard to a dark pointed goatee over the next two seconds.	男子的浅色胡须是否变为深色尖山羊胡？	该变化是否在 2 秒内完成？
427	human_084_E1	change	Starting at 14.0 seconds, change the cool woodland lighting to warm late-afternoon light over the next two seconds.	林地光线是否从清冷光线变为温暖的午后光线？	该变化是否在 2 秒内完成？
429	human_084_E2B	render	Starting at 29.0 seconds, render the snowy forest background in a watercolor style over the next two seconds.	雪林背景是否被渲染为水彩风格？	该渲染是否在 2 秒内完成？
430	human_085_E1	change	Starting at 14.0 seconds, change the host's patterned shirt to solid pale blue over the next two seconds.	主持人的衬衫是否从花纹款变为纯浅蓝色？	该变化是否在 2 秒内完成？
433	human_086_E1	change	Starting at 14.0 seconds, change the classroom lighting from neutral light to warm daylight over the next two seconds.	教室照明是否从中性光变为温暖日光？	该变化是否在 2 秒内完成？
447	human_098_E2B	render	Starting at 29.0 seconds, render the man as an oil-painted portrait over the next two seconds.	男子是否被渲染为油画肖像？	该渲染是否在 2 秒内完成？
453	human_104_E2B	transform	Starting at 29.0 seconds, transform the full frame into vintage color sports film over the next two seconds.	整个画面是否转换为复古彩色体育胶片风格？	该转换是否在 2 秒内完成？
454	human_105_E1	change	Starting at 14.0 seconds, change the man's white hair to light blond over the next two seconds.	男子的头发是否从白色变为浅金色？	该变化是否在 2 秒内完成？
457	human_106_E1	change	Starting at 14.0 seconds, change the metal cooking pot to blue enameled cookware over the next two seconds.	金属烹饪锅是否变为蓝色搪瓷炊具？	该变化是否在 2 秒内完成？
460	human_107_E1	change	Starting at 14.0 seconds, change the artwork's red band to cobalt blue over the next two seconds.	艺术品上的带状区域是否从红色变为钴蓝色？	该变化是否在 2 秒内完成？
465	human_108_E2B	render	Starting at 29.0 seconds, render the seated couple as a colored-pencil portrait over the next two seconds.	坐着的两人是否被呈现为彩色铅笔肖像？	该渲染是否在 2 秒内完成？
469	human_112_E1	change	Starting at 14.0 seconds, change the woman's black curly hair to chestnut brown over the next two seconds.	女子的卷发是否从黑色变为栗棕色？	该变化是否在 2 秒内完成？
471	human_112_E2B	render	Starting at 29.0 seconds, render the white wardrobe as layered paper-cut artwork over the next two seconds.	白色衣柜是否被呈现为分层剪纸艺术品？	该渲染是否在 2 秒内完成？
482	human_121_E2A	change	Starting at 29.0 seconds, change the sleeve's green-and-brown camouflage pattern to gray and black over the next two seconds.	袖子的迷彩图案是否从绿棕色变为灰黑色？	该变化是否在 2 秒内完成？
484	human_124_E1	change	Starting at 14.0 seconds, change the man's light-purple tie to emerald green over the next two seconds.	男子的领带是否从浅紫色变为祖母绿色？	该变化是否在 2 秒内完成？
486	human_124_E2B	transform	Starting at 29.0 seconds, transform the full frame into a 1980s public-service television interview over the next two seconds.	整个画面是否转换为 20 世纪 80 年代公益电视访谈风格？	该转换是否在 2 秒内完成？
487	human_125_E1	change	Starting at 14.0 seconds, change the older man's green bow tie to burgundy red over the next two seconds.	年长男子的领结是否从绿色变为酒红色？	该变化是否在 2 秒内完成？
490	human_126_E1	change	Starting at 14.0 seconds, change the woman's pink headscarf to teal over the next two seconds.	女子的头巾是否从粉色变为蓝绿色？	该变化是否在 2 秒内完成？
496	human_130_E1	change	Starting at 14.0 seconds, change the woman's tied-up hair to loose shoulder-length waves over the next two seconds.	女子扎起的头发是否变为披散的齐肩波浪发？	该变化是否在 2 秒内完成？
504	human_136_E2B	change	Starting at 28.0 seconds, change the view to the performer's first-person perspective over the next two seconds.	视角是否切换为表演者的第一人称视角？	该变化是否在 2 秒内完成？
507	human_138_E2B	transform	Starting at 35.0 seconds, transform the full frame into a bold comic-book style over the next two seconds.	整个画面是否转换为鲜明的漫画书风格？	该转换是否在 2 秒内完成？
511	human_141_E1	change	Starting at 14.0 seconds, change the speaker's magenta shirt to deep green over the next two seconds.	演讲者的衬衫是否从洋红色变为深绿色？	该变化是否在 2 秒内完成？
514	human_144_E1	change	Starting at 14.0 seconds, change the green coin-bank body to cobalt blue over the next two seconds.	存钱罐主体是否从绿色变为钴蓝色？	该变化是否在 2 秒内完成？
516	human_144_E2B	render	Starting at 29.0 seconds, render the tabletop background in a clay-animation style over the next two seconds.	桌面背景是否被呈现为黏土动画风格？	该渲染是否在 2 秒内完成？
517	human_146_E1	change	Starting at 14.0 seconds, change the right panelist's gray cap to navy blue over the next two seconds.	右侧嘉宾的帽子是否从灰色变为海军蓝色？	该变化是否在 2 秒内完成？
520	human_147_E1	change	Starting at 14.0 seconds, change the man's short full beard to a pointed goatee over the next two seconds.	男子的短络腮胡是否变为尖形山羊胡？	该变化是否在 2 秒内完成？
523	human_152_E1	change	Starting at 14.0 seconds, change the man's dark beard to auburn over the next two seconds.	男子的胡须是否从深色变为赤褐色？	该变化是否在 2 秒内完成？
525	human_152_E2B	apply	Starting at 29.0 seconds, apply a subtle fine-paper texture to the full frame over the next two seconds.	整个画面是否应用了细腻的纸张纹理？	该效果应用是否在 2 秒内完成？
537	human_157_E2B	transform	Starting at 29.0 seconds, transform the full frame into a detailed watercolor painting over the next two seconds.	整个画面是否转换为细致的水彩画？	该转换是否在 2 秒内完成？
541	human_164_E1	change	Starting at 14.0 seconds, change the woman's braided hair to loose curls over the next two seconds.	女子的辫发是否变为披散的卷发？	该变化是否在 2 秒内完成？
547	human_166_E1	change	Starting at 20.0 seconds, change the man's bright-blue jacket to brick red over the next two seconds.	男子的夹克是否从亮蓝色变为砖红色？	该变化是否在 2 秒内完成？
550	human_168_E1	change	Starting at 14.0 seconds, change the khaki diaper bag to forest green over the next two seconds.	妈咪包是否从卡其色变为森林绿色？	该变化是否在 2 秒内完成？
553	human_170_E1	change	Starting at 14.0 seconds, change the man's red shirt to turquoise over the next two seconds.	男子的衬衫是否从红色变为绿松石色？	该变化是否在 2 秒内完成？
556	human_171_E1	change	Starting at 14.0 seconds, change the man's red cap to dark green over the next two seconds.	男子的帽子是否从红色变为深绿色？	该变化是否在 2 秒内完成？
558	human_171_E2B	change	Starting at 29.0 seconds, change the view to the man's first-person perspective toward the packed shelving over the next two seconds.	视角是否切换为男子望向摆满物品的货架时的第一人称视角？	该变化是否在 2 秒内完成？
570	human_180_E2B	transform	Starting at 29.0 seconds, transform the full frame into layered cut-paper artwork over the next two seconds.	整个画面是否转换为分层剪纸艺术品？	该转换是否在 2 秒内完成？
571	human_181_E1	change	Starting at 14.0 seconds, change the man's white headphones to bright red over the next two seconds.	男子的耳机是否从白色变为亮红色？	该变化是否在 2 秒内完成？
574	human_184_E1	change	Starting at 14.0 seconds, change the woman's dark-red top to navy blue over the next two seconds.	女子的上衣是否从深红色变为海军蓝色？	该变化是否在 2 秒内完成？
580	human_187_E1	change	Starting at 14.0 seconds, change the woman's straight bangs to side-swept bangs over the next two seconds.	女子的齐刘海是否变为侧扫刘海？	该变化是否在 2 秒内完成？
583	human_190_E1	change	Starting at 14.0 seconds, change the man's black eyeglass frames to translucent amber over the next two seconds.	男子的眼镜框是否从黑色变为半透明琥珀色？	该变化是否在 2 秒内完成？
586	human_191_E1	change	Starting at 14.0 seconds, change the dry outdoor weather to gentle rain over the next two seconds.	室外干燥天气是否变为小雨天气？	该变化是否在 2 秒内完成？
589	human_192_E1	change	Starting at 14.0 seconds, change the man's dark outdoor jacket to burnt orange over the next two seconds.	男子的户外夹克是否从深色变为焦橙色？	该变化是否在 2 秒内完成？
591	human_192_E2B	transform	Starting at 29.0 seconds, transform the full frame into a 1970s color nature documentary over the next two seconds.	整个画面是否转换为 20 世纪 70 年代彩色自然纪录片风格？	该转换是否在 2 秒内完成？
597	human_197_E2B	apply	Starting at 29.0 seconds, apply a restrained teal-and-gold duotone grade to the full frame over the next two seconds.	整个画面是否应用了克制的蓝绿色与金色双色调分级？	该效果应用是否在 2 秒内完成？
600	human_198_E2B	render	Starting at 29.0 seconds, render the woman as a bold pop-art portrait over the next two seconds.	女子是否被呈现为鲜明的波普艺术肖像？	该渲染是否在 2 秒内完成？
601	object_001_E1	change	Starting at 14.0 seconds, change the adult rabbit's fur from mottled gray-brown to pale cream over the next two seconds.	成年兔子的皮毛是否从灰棕杂色变为浅奶油色？	该变化是否在 2 秒内完成？
604	object_004_E1	change	Starting at 14.0 seconds, change the peacock's neck plumage from vivid blue to emerald green over the next two seconds.	孔雀颈部的羽毛是否从鲜蓝色变为祖母绿色？	该变化是否在 2 秒内完成？
607	object_008_E1	change	Starting at 14.0 seconds, change the larger boar's mottled brown coat to dark charcoal over the next two seconds.	较大野猪的皮毛是否从棕色杂斑变为深炭灰色？	该变化是否在 2 秒内完成？
610	object_011_E1	change	Starting at 14.0 seconds, change the dry pale-brown training-ground surface to damp dark brown over the next two seconds.	训练场地面是否从干燥浅棕色变为潮湿深棕色？	该变化是否在 2 秒内完成？
618	object_014_E2B	apply	Starting at 29.0 seconds, apply a crisp high-contrast monochrome grade to the full frame over the next two seconds.	整个画面是否应用了清晰的高对比度单色调？	该效果应用是否在 2 秒内完成？
619	object_015_E1	change	Starting at 20.0 seconds, change the central tree trunk's bark from medium brown to pale gray over the next two seconds.	中央树干的树皮是否从中棕色变为浅灰色？	该变化是否在 2 秒内完成？
622	object_017_E1	change	Starting at 14.0 seconds, change the spotted cat's base coat from golden-tan to cool pale gray over the next two seconds.	斑点猫的底色皮毛是否从金棕色变为冷调浅灰色？	该变化是否在 2 秒内完成？
628	object_020_E1	change	Starting at 14.0 seconds, change the dry exposed soil beneath the deer to visibly wet dark-brown soil over the next two seconds.	鹿下方裸露的土壤是否从干燥状态变为明显湿润的深棕色？	该变化是否在 2 秒内完成？
633	object_022_E2B	render	Starting at 29.0 seconds, render the garden background as a colored-pencil illustration over the next two seconds.	花园背景是否被呈现为彩色铅笔插画？	该渲染是否在 2 秒内完成？
637	object_024_E1	change	Starting at 20.0 seconds, change the dry pale-brown dirt road to damp dark brown over the next two seconds.	土路是否从干燥浅棕色变为潮湿深棕色？	该变化是否在 2 秒内完成？
640	object_026_E1	change	Starting at 14.0 seconds, change the horned chameleon's yellow-green side region to vivid golden yellow over the next two seconds.	有角变色龙侧面的区域是否从黄绿色变为鲜艳的金黄色？	该变化是否在 2 秒内完成？
643	object_027_E1	change	Starting at 14.0 seconds, change the main bus's black body panels to deep navy blue over the next two seconds.	主公交车的车身面板是否从黑色变为深海军蓝色？	该变化是否在 2 秒内完成？
648	object_031_E2B	apply	Starting at 32.0 seconds, apply a vivid teal high-contrast grade to the full frame over the next two seconds.	整个画面是否应用了鲜艳的蓝绿色高对比度调色？	该效果应用是否在 2 秒内完成？
649	object_032_E1	change	Starting at 14.0 seconds, change the main crab's blue-green shell to vivid red over the next two seconds.	主螃蟹的甲壳是否从蓝绿色变为鲜红色？	该变化是否在 2 秒内完成？
657	object_039_E2B	transform	Starting at 29.0 seconds, transform the full frame into a 1990s consumer-camcorder recording over the next two seconds.	整个画面是否转换为 20 世纪 90 年代家用摄像机录像风格？	该转换是否在 2 秒内完成？
661	object_041_E1	change	Starting at 14.0 seconds, change the sunny outdoor weather to lightly overcast conditions over the next two seconds.	晴朗的室外天气是否变为轻微阴天？	该变化是否在 2 秒内完成？
666	object_042_E2B	transform	Starting at 29.0 seconds, transform the full puppy-and-mirror scene into a layered paper-collage style over the next two seconds.	完整的幼犬与镜子场景是否转换为分层纸张拼贴风格？	该转换是否在 2 秒内完成？
667	object_045_E1	change	Starting at 14.0 seconds, change the larger ring-tailed animal's gray-black coat to warm brown over the next two seconds.	较大环尾动物的皮毛是否从灰黑色变为暖棕色？	该变化是否在 2 秒内完成？
670	object_046_E1	change	Starting at 20.0 seconds, change the foreground polar bear's cream-white coat to pale golden beige over the next two seconds.	前景北极熊的皮毛是否从乳白色变为浅金米色？	该变化是否在 2 秒内完成？
675	object_047_E2B	render	Starting at 29.0 seconds, render the room background as a colored-pencil illustration over the next two seconds.	房间背景是否被呈现为彩色铅笔插画？	该渲染是否在 2 秒内完成？
681	object_053_E2B	render	Starting at 29.0 seconds, render the gray heron as a monochrome ink-wash painting over the next two seconds.	灰鹭是否被呈现为单色水墨画？	该渲染是否在 2 秒内完成？
682	object_054_E1	change	Starting at 14.0 seconds, change the pale-brown climbing rock wall to dark slate gray over the next two seconds.	攀爬岩壁是否从浅棕色变为深石板灰色？	该变化是否在 2 秒内完成？
687	object_056_E2B	render	Starting at 29.0 seconds, render the dog's blue harness as a cel-shaded game asset over the next two seconds.	狗的蓝色胸背带是否被呈现为赛璐珞着色的游戏资产？	该渲染是否在 2 秒内完成？
688	object_059_E1	change	Starting at 14.0 seconds, change the yellow-brown kelp bed to deep green over the next two seconds.	海带床是否从黄棕色变为深绿色？	该变化是否在 2 秒内完成？
694	object_064_E1	change	Starting at 14.0 seconds, change the jumping spider's brown-orange abdomen to vivid turquoise over the next two seconds.	跳蛛的腹部是否从棕橙色变为鲜艳的绿松石色？	该变化是否在 2 秒内完成？
697	object_066_E1	change	Starting at 14.0 seconds, change the foreground giraffe's dark-brown patches to deep burgundy over the next two seconds.	前景长颈鹿的斑块是否从深棕色变为深酒红色？	该变化是否在 2 秒内完成？
702	object_068_E2B	render	Starting at 29.0 seconds, render the black hand brush as a clay-animation prop over the next two seconds.	黑色手刷是否被呈现为黏土动画道具？	该渲染是否在 2 秒内完成？
703	object_069_E1	change	Starting at 14.0 seconds, change the ferry's red upper panels to cobalt blue over the next two seconds.	渡轮的上部面板是否从红色变为钴蓝色？	该变化是否在 2 秒内完成？
709	object_071_E1	change	Starting at 19.0 seconds, change the white fawn's coat to pale silver gray over the next two seconds.	白色幼鹿的皮毛是否变为浅银灰色？	该变化是否在 2 秒内完成？
712	object_072_E1	change	Starting at 14.0 seconds, change the blue character model from hard painted material to soft felt over the next two seconds.	蓝色角色模型的材质是否从硬质涂装材料变为柔软毛毡？	该变化是否在 2 秒内完成？
721	object_083_E1	change	Starting at 14.0 seconds, change the deer's red-brown coat to cool gray over the next two seconds.	鹿的皮毛是否从红棕色变为冷灰色？	该变化是否在 2 秒内完成？
724	object_084_E1	change	Starting at 14.0 seconds, change the medium-green lakeside grass to deep emerald green over the next two seconds.	湖边草地是否从中绿色变为深祖母绿色？	该变化是否在 2 秒内完成？
729	object_085_E2B	render	Starting at 27.0 seconds, render the lion resting beside the left wall as a charcoal sketch over the next two seconds.	在左墙旁休息的狮子是否被呈现为炭笔素描？	该渲染是否在 2 秒内完成？
730	object_088_E1	change	Starting at 14.0 seconds, change the black-and-white cat's black fur to medium gray over the next two seconds.	黑白猫的黑色皮毛是否变为中灰色？	该变化是否在 2 秒内完成？
733	object_090_E1	change	Starting at 14.0 seconds, change the shallow river water from muted gray-brown to clear blue-green over the next two seconds.	浅河水是否从暗淡的灰棕色变为清澈的蓝绿色？	该变化是否在 2 秒内完成？
738	object_093_E2B	transform	Starting at 29.0 seconds, transform the full helicopter field scene into a 1960s color aviation film over the next two seconds.	完整的直升机与场地场景是否转换为 20 世纪 60 年代彩色航空电影风格？	该转换是否在 2 秒内完成？
739	object_094_E1	change	Starting at 14.0 seconds, change the helicopter's red fuselage panels to emerald green over the next two seconds.	直升机的机身面板是否从红色变为祖母绿色？	该变化是否在 2 秒内完成？
742	object_095_E1	change	Starting at 14.0 seconds, change the long-haired dog's white coat to pale golden cream over the next two seconds.	长毛犬的皮毛是否从白色变为浅金奶油色？	该变化是否在 2 秒内完成？
748	object_099_E1	change	Starting at 20.0 seconds, change the adult tiger's black stripes to dark blue over the next two seconds.	成年虎的条纹是否从黑色变为深蓝色？	该变化是否在 2 秒内完成？
756	object_102_E2B	render	Starting at 29.0 seconds, render the office background as a soft watercolor painting over the next two seconds.	办公室背景是否被呈现为柔和的水彩画？	该渲染是否在 2 秒内完成？
757	object_104_E1	change	Starting at 14.0 seconds, change the buffalo's dark black-brown coat to pale ash gray over the next two seconds.	水牛的皮毛是否从深黑棕色变为浅灰白色？	该变化是否在 2 秒内完成？
762	object_106_E2B	transform	Starting at 29.0 seconds, transform the full grassland bird scene into a textured oil-painting style over the next two seconds.	完整的草地鸟类场景是否转换为带纹理的油画风格？	该转换是否在 2 秒内完成？
763	object_107_E1	change	Starting at 14.0 seconds, change the rhinoceros's gray-brown skin to cool slate gray over the next two seconds.	犀牛的皮肤是否从灰棕色变为冷石板灰色？	该变化是否在 2 秒内完成？
766	object_110_E1	change	Starting at 14.0 seconds, change the muted green-brown seagrass to deep emerald green over the next two seconds.	海草是否从暗淡的绿棕色变为深祖母绿色？	该变化是否在 2 秒内完成？
771	object_112_E2B	render	Starting at 29.0 seconds, render the yellow feather toy as a clay-animation prop over the next two seconds.	黄色羽毛玩具是否被呈现为黏土动画道具？	该渲染是否在 2 秒内完成？
772	object_113_E1	change	Starting at 14.0 seconds, change the stunt kite's yellow-green wing panels to bright cyan over the next two seconds.	特技风筝的翼面是否从黄绿色变为亮青色？	该变化是否在 2 秒内完成？
778	object_120_E1	change	Starting at 14.0 seconds, change the flat cool marine light to warm low-angle illumination over the next two seconds.	平淡的冷调海上光线是否变为暖色低角度照明？	该变化是否在 2 秒内完成？
783	object_121_E2B	render	Starting at 29.0 seconds, render the two adult tigers as detailed colored-pencil illustrations over the next two seconds.	两只成年虎是否被呈现为细致的彩色铅笔插画？	该渲染是否在 2 秒内完成？
784	object_122_E1	change	Starting at 14.0 seconds, change the small shark's light-gray dorsal skin to pale blue-gray over the next two seconds.	小鲨鱼背部的皮肤是否从浅灰色变为浅蓝灰色？	该变化是否在 2 秒内完成？
789	object_123_E2B	transform	Starting at 28.0 seconds, transform the full zebra enclosure scene into a textured oil-painting style over the next two seconds.	完整的斑马围栏场景是否转换为带纹理的油画风格？	该转换是否在 2 秒内完成？
790	object_125_E1	change	Starting at 14.0 seconds, change the squirrel's gray-brown dorsal fur to warm reddish brown over the next two seconds.	松鼠背部的皮毛是否从灰棕色变为暖红棕色？	该变化是否在 2 秒内完成？
796	object_128_E1	change	Starting at 20.0 seconds, change the curved transparent container wall to evenly frosted translucent plastic over the next two seconds.	弯曲透明的容器壁是否变为均匀磨砂的半透明塑料？	该变化是否在 2 秒内完成？
799	object_130_E1	change	Starting at 14.0 seconds, change the shallow wetland channel from muted green-brown to clear turquoise over the next two seconds.	浅湿地水道是否从暗淡的绿棕色变为清澈的绿松石色？	该变化是否在 2 秒内完成？
802	object_135_E1	change	Starting at 14.0 seconds, change the monitor lizard's pale dorsal spots and bands to muted gold over the next two seconds.	巨蜥背部的浅色斑点和条带是否变为暗金色？	该变化是否在 2 秒内完成？
804	object_135_E2B	render	Starting at 29.0 seconds, render the indoor background outside the monitor lizard as a soft charcoal sketch over the next two seconds.	巨蜥以外的室内背景是否被呈现为柔和的炭笔素描？	该渲染是否在 2 秒内完成？
813	object_144_E2B	render	Starting at 29.0 seconds, render the small puppy as a handcrafted felt stop-motion character over the next two seconds.	小狗是否被呈现为手工毛毡定格动画角色？	该渲染是否在 2 秒内完成？
817	object_147_E1	change	Starting at 14.0 seconds, change the locomotive's unmarked black hood panels to deep forest green over the next two seconds.	机车无标记的罩板是否从黑色变为深森林绿色？	该变化是否在 2 秒内完成？
820	object_148_E1	change	Starting at 14.0 seconds, change the orange cat's fur to pale cream over the next two seconds.	橙猫的皮毛是否变为浅奶油色？	该变化是否在 2 秒内完成？
826	object_154_E1	change	Starting at 14.0 seconds, change the aircraft's unmarked white fuselage panels to bright silver over the next two seconds.	飞机无标记的机身面板是否从白色变为亮银色？	该变化是否在 2 秒内完成？
829	object_157_E1	change	Starting at 14.0 seconds, change the bright-green seedling leaves outside the railing to muted purple-red over the next two seconds.	栏杆外幼苗的叶片是否从亮绿色变为暗紫红色？	该变化是否在 2 秒内完成？
832	object_158_E1	change	Starting at 14.0 seconds, change the rosetted jaguar's golden-tan base coat to pale silver over the next two seconds.	玫瑰斑美洲豹的底毛是否从金棕色变为浅银色？	该变化是否在 2 秒内完成？
835	object_159_E1	change	Starting at 14.0 seconds, change the slightly cloudy aquarium water to fully clear water over the next two seconds.	水族箱水是否从略显浑浊变为完全清澈？	该变化是否在 2 秒内完成？
838	object_160_E1	change	Starting at 14.0 seconds, change the hard direct sunlight on the toad and asphalt to soft diffuse daylight over the next two seconds.	照在蟾蜍和沥青上的光线是否从强烈直射阳光变为柔和的漫射日光？	该变化是否在 2 秒内完成？
844	object_162_E1	change	Starting at 14.0 seconds, change the fox's red-brown dorsal fur to pale silver-gray over the next two seconds.	狐狸背部的皮毛是否从红棕色变为浅银灰色？	该变化是否在 2 秒内完成？
847	object_165_E1	change	Starting at 14.0 seconds, change the cool blue-green underwater light to warm neutral illumination over the next two seconds.	冷调蓝绿色水下光线是否变为暖中性照明？	该变化是否在 2 秒内完成？
850	object_168_E1	change	Starting at 14.0 seconds, change the opossum-like animal's gray-white dorsal fur to warm reddish brown over the next two seconds.	负鼠状动物背部的皮毛是否从灰白色变为暖红棕色？	该变化是否在 2 秒内完成？
855	object_169_E2B	transform	Starting at 29.0 seconds, transform the full jumping-spider scene into a detailed ink-wash illustration over the next two seconds.	完整的跳蛛场景是否转换为细致的水墨插画？	该转换是否在 2 秒内完成？
856	object_170_E1	change	Starting at 14.0 seconds, change the surrounding green grass blades to pale blue-green over the next two seconds.	周围的草叶是否从绿色变为浅蓝绿色？	该变化是否在 2 秒内完成？
859	object_171_E1	change	Starting at 14.0 seconds, change the tree frog's bright-green dorsal skin to deep turquoise over the next two seconds.	树蛙背部的皮肤是否从亮绿色变为深绿松石色？	该变化是否在 2 秒内完成？
862	object_173_E1	change	Starting at 14.0 seconds, change the juvenile rhinoceros's gray skin to cool blue-gray over the next two seconds.	幼年犀牛的皮肤是否从灰色变为冷蓝灰色？	该变化是否在 2 秒内完成？
865	object_174_E1	change	Starting at 14.0 seconds, change the stag's yellow-brown coat to deep chestnut brown over the next two seconds.	雄鹿的皮毛是否从黄棕色变为深栗棕色？	该变化是否在 2 秒内完成？
870	object_175_E2B	transform	Starting at 29.0 seconds, transform the full horse-and-zebra pasture scene into a 1970s color nature documentary over the next two seconds.	完整的马与斑马牧场场景是否转换为 20 世纪 70 年代彩色自然纪录片风格？	该转换是否在 2 秒内完成？
871	object_181_E1	change	Starting at 14.0 seconds, change the micro drone's unmarked dark frame arms to bright silver over the next two seconds.	微型无人机无标记的机架臂是否从深色变为亮银色？	该变化是否在 2 秒内完成？
876	object_185_E2B	transform	Starting at 29.0 seconds, transform the full bear-and-river scene into a 1970s color nature documentary over the next two seconds.	完整的熊与河流场景是否转换为 20 世纪 70 年代彩色自然纪录片风格？	该转换是否在 2 秒内完成？
877	object_187_E1	change	Starting at 14.0 seconds, change the monitor lizard's pale body spots and bands to muted gold over the next two seconds.	巨蜥身上的浅色斑点和条带是否变为暗金色？	该变化是否在 2 秒内完成？
880	object_188_E1	change	Starting at 14.0 seconds, change the dented front panel of the red race car in the lower-left area with yellow-and-green graphics to a smooth undented state over the next two seconds.	左下区域带黄绿色图案的红色赛车凹陷前面板是否变得平滑无凹痕？	该变化是否在 2 秒内完成？
883	object_190_E1	change	Starting at 14.0 seconds, change the robot's unmarked yellow body panels to bright red over the next two seconds.	机器人无标记的机身面板是否从黄色变为亮红色？	该变化是否在 2 秒内完成？
886	object_194_E1	change	Starting at 14.0 seconds, change the pale tan-gray gravel forest road to deep reddish brown over the next two seconds.	森林碎石路是否从浅棕灰色变为深红棕色？	该变化是否在 2 秒内完成？
889	object_195_E1	change	Starting at 14.0 seconds, change the weather above the railway to a light rain shower over the next two seconds.	铁路上方的天气是否变为小阵雨？	该变化是否在 2 秒内完成？
895	object_199_E1	change	Starting at 14.0 seconds, change the gecko's pale cream base skin to muted turquoise over the next two seconds.	壁虎的底色皮肤是否从浅奶油色变为暗绿松石色？	该变化是否在 2 秒内完成？
898	object_200_E1	change	Starting at 14.0 seconds, change the hard direct sunlight on the alligator-like animal and fairway to soft diffuse overcast illumination over the next two seconds.	照在鳄鱼状动物和球道上的光线是否从强烈直射阳光变为柔和漫射的阴天照明？	该变化是否在 2 秒内完成？
903	process_001_E2B	transform	Starting at 28.0 seconds, transform the full woodland flight frame into a softly grained Super 8 film style over the next two seconds.	整个林地飞行画面是否转换为带柔和颗粒的 Super 8 胶片风格？	该转换是否在 2 秒内完成？
910	process_008_E1	change	Starting at 18.0 seconds, change the pale-yellow down of the already-hatched chick nearest the lower edge to soft white over the next two seconds.	最靠近下边缘、已经孵化的幼鸡绒毛是否从浅黄色变为柔和白色？	该变化是否在 2 秒内完成？
914	process_012_E2A	change	Starting at 29.0 seconds, change the exposed black tray surface between the two jars from dry to visibly wet over the next two seconds.	两个罐子之间裸露的黑色托盘表面是否从干燥变为明显湿润？	该变化是否在 2 秒内完成？
916	process_013_E1	transform	Starting at 13.0 seconds, transform the full lake landscape into a translucent watercolor painting style over the next two seconds.	完整的湖泊景观是否转换为半透明水彩画风格？	该转换是否在 2 秒内完成？
926	process_018_E2A	render	Starting at 29.0 seconds, render only the visible dirt road as a colored-pencil illustration over the next two seconds.	是否仅有可见土路被呈现为彩色铅笔插画？	该渲染是否在 2 秒内完成？
929	process_020_E2A	change	Starting at 29.0 seconds, change the two dry green leaves flanking the flower to a visibly dew-covered state over the next two seconds.	花朵两侧的两片干燥绿叶是否变为明显覆盖露水的状态？	该变化是否在 2 秒内完成？
930	process_020_E2B	transform	Starting at 28.0 seconds, transform the full flower-and-leaf frame into a soft watercolor animation style over the next two seconds.	完整的花朵与叶片画面是否转换为柔和的水彩动画风格？	该转换是否在 2 秒内完成？
932	process_021_E2A	change	Starting at 29.0 seconds, change the yellow plate beneath the melting ice to matte teal over the next two seconds.	融冰下方的盘子是否从黄色变为哑光蓝绿色？	该变化是否在 2 秒内完成？
940	process_024_E1	change	Starting at 13.0 seconds, change the exposed white base around the separated samples to a lightly damp state over the next two seconds.	分离样本周围裸露的白色底面是否变为轻微潮湿状态？	该变化是否在 2 秒内完成？
947	process_033_E2A	transform	Starting at 29.0 seconds, transform the full mountain-forest frame into a low-poly environment style over the next two seconds.	完整的山地森林画面是否转换为低多边形环境风格？	该转换是否在 2 秒内完成？
949	process_034_E1	change	Starting at 13.0 seconds, change the dry paved parking area in the industrial park to a lightly wet state over the next two seconds.	工业园内的铺装停车区是否从干燥变为轻微湿润？	该变化是否在 2 秒内完成？
951	process_034_E2B	transform	Starting at 28.0 seconds, transform the full industrial-park frame into a muted cyan-and-amber cinematic color style over the next two seconds.	完整的工业园画面是否转换为柔和的青色与琥珀色电影调色风格？	该转换是否在 2 秒内完成？
955	process_038_E1	change	Starting at 12.0 seconds, change the cool uneven daylight across the cloudscape to soft warm diffuse light over the next two seconds.	云景中的光线是否从冷调且不均匀的日光变为柔和、温暖的漫射光？	该变化是否在 2 秒内完成？
962	process_041_E2A	change	Starting at 25.0 seconds, change the broad green leaf behind the flower on the right to deep burgundy over the next two seconds.	花朵右后方的宽大叶片是否从绿色变为深酒红色？	该变化是否在 2 秒内完成？
964	process_045_E1	change	Starting at 13.0 seconds, change the visible white plastic chair in the snowy yard to bright blue over the next two seconds.	雪院中可见的塑料椅是否从白色变为亮蓝色？	该变化是否在 2 秒内完成？
966	process_045_E2B	render	Starting at 28.0 seconds, render only the visible black night sky behind the snowbank as a deep-blue pastel illustration over two seconds.	是否仅有雪堆后方可见的黑色夜空被呈现为深蓝色粉彩插画？	该渲染是否在 2 秒内完成？
967	process_046_E1	transform	Starting at 16.0 seconds, transform the full sunset landscape into a translucent watercolor painting style over the next two seconds.	完整的日落景观是否转换为半透明水彩画风格？	该转换是否在 2 秒内完成？
972	process_050_E2B	render	Starting at 20.0 seconds, render only the hanging chrysalis as a detailed clay-animation object over the next two seconds.	是否仅有悬挂的蛹被呈现为细致的黏土动画物体？	该渲染是否在 2 秒内完成？
978	process_052_E2B	change	Starting at 28.0 seconds, change the clean exposed metal rim of the pan to a lightly grease-splattered state over the next two seconds.	锅的洁净裸露金属边缘是否变为带轻微油脂飞溅的状态？	该变化是否在 2 秒内完成？
979	process_056_E1	render	Starting at 13.0 seconds, render only the brown flowerpot in a colorful ceramic-mosaic style over the next two seconds.	是否仅有棕色花盆被呈现为彩色陶瓷马赛克风格？	该渲染是否在 2 秒内完成？
995	process_065_E2A	change	Starting at 29.0 seconds, change the dry upper surfaces of the broad green leaves to a lightly dew-covered state over the next two seconds.	宽大绿叶干燥的上表面是否变为轻微覆盖露水的状态？	该变化是否在 2 秒内完成？
1004	process_071_E2A	transform	Starting at 29.0 seconds, transform the full particle-and-smoke frame into a soft VHS tape style over the next two seconds.	完整的粒子与烟雾画面是否转换为柔和的 VHS 录像带风格？	该转换是否在 2 秒内完成？
1005	process_071_E2B	transform	Starting at 28.0 seconds, transform the full particle-and-smoke frame into a restrained amber monochrome style over the next two seconds.	完整的粒子与烟雾画面是否转换为克制的琥珀色单色风格？	该转换是否在 2 秒内完成？
1008	process_073_E2B	transform	Starting at 28.0 seconds, transform the full residential scene into a richly layered gouache painting style over the next two seconds.	完整住宅场景是否转换为层次丰富的水粉画风格？	该转换是否在 2 秒内完成？
1010	process_074_E2A	change	Starting at 29.0 seconds, change the visible dark metal gantry frame to matte orange over the next two seconds.	可见的金属龙门架是否从深色变为哑光橙色？	该变化是否在 2 秒内完成？
1011	process_074_E2B	render	Starting at 28.0 seconds, render only the laser head and gantry frame in a clean toon-shaded style over the next two seconds.	是否仅有激光头和龙门架被呈现为简洁的卡通着色风格？	该渲染是否在 2 秒内完成？
1012	process_075_E1	change	Starting at 13.0 seconds, change the clear vase beneath the left flower group to translucent pale blue over the next two seconds.	左侧花束下方的透明花瓶是否变为半透明浅蓝色？	该变化是否在 2 秒内完成？
1018	process_078_E1	change	Starting at 13.0 seconds, change the tops of the three orange traffic cones to an evenly thin snow-covered state over two seconds.	三个橙色交通锥的顶部是否都均匀覆盖一层薄雪？	该变化是否在 2 秒内完成？
1020	process_078_E2B	render	Starting at 28.0 seconds, render only the accumulated courtyard snow as softly modeled clay-animation material over the next two seconds.	是否仅有庭院积雪被呈现为柔和塑形的黏土动画材质？	该渲染是否在 2 秒内完成？
1023	process_082_E2B	change	Starting at 29.0 seconds, change the green upper layers to a matte finely textured surface over the next two seconds.	绿色上层是否变为哑光细纹理表面？	该变化是否在 2 秒内完成？
1031	process_086_E2A	change	Starting at 29.0 seconds, change the remaining solid white outer wax to a frosted porous surface over two seconds.	剩余的白色固体外层蜡是否变为磨砂多孔表面？	该变化是否在 2 秒内完成？
1036	process_089_E1	transform	Starting at 14.0 seconds, transform the complete cloud montage into a layered monochrome ink-wash painting over the next two seconds.	完整的云层蒙太奇是否转换为分层单色水墨画？	该转换是否在 2 秒内完成？
1040	process_091_E2A	change	Starting at 29.0 seconds, change the illumination across the visible lake surface to form a narrow bright silver reflection band over two seconds.	可见湖面的照明是否形成一条狭窄明亮的银色反光带？	该变化是否在 2 秒内完成？
1042	process_095_E1	change	Starting at 13.0 seconds, change the submerged porous sachet into a compact round pouch shape over the next two seconds.	浸没的多孔小袋是否变为紧凑的圆形袋状？	该变化是否在 2 秒内完成？
1047	process_097_E2B	render	Starting at 28.0 seconds, render only the three largest foreground lanterns as translucent stained glass over the next two seconds.	是否仅有前景中最大的三盏灯笼被呈现为半透明彩色玻璃？	该渲染是否在 2 秒内完成？
1049	process_100_E2A	change	Starting at 29.0 seconds, change the remaining clear lower liquid to an evenly aerated state with many fine suspended bubbles over two seconds.	剩余的下层透明液体是否变为均匀充气且含有大量细小悬浮气泡的状态？	该变化是否在 2 秒内完成？
1056	process_105_E2B	convert	Starting at 28.0 seconds, convert the complete train-and-hillside sequence into a warm 1970s color-film appearance over two seconds.	完整的列车与山坡序列是否转换为温暖的 20 世纪 70 年代彩色胶片外观？	该转换是否在 2 秒内完成？
1058	process_108_E2A	render	Starting at 29.0 seconds, render only the distant woodland behind the front tree trunks with layered colored-pencil hatching over two seconds.	是否仅有前方树干后的远处林地被呈现为分层彩色铅笔排线风格？	该渲染是否在 2 秒内完成？
1065	process_112_E2B	change	Starting at 28.0 seconds, change only the newly exposed foreground rocks from gray-black to muted rust red over two seconds.	是否仅有新露出的前景岩石从灰黑色变为暗锈红色？	该变化是否在 2 秒内完成？
1066	process_114_E1	change	Starting at 13.0 seconds, change the illumination across the road and fields to soft diffuse golden light over two seconds.	道路和田野上的照明是否变为柔和漫射的金色光？	该变化是否在 2 秒内完成？
1067	process_114_E2A	transform	Starting at 29.0 seconds, transform the complete rural road scene into a textured oil-pastel drawing over the next two seconds.	完整的乡村道路场景是否转换为带纹理的油画棒绘画？	该转换是否在 2 秒内完成？
1070	process_115_E2A	change	Starting at 29.0 seconds, change the accumulated snow on the nearest vehicle roof to a loose granular fluffy state over two seconds.	最近车辆车顶的积雪是否变为松散、颗粒状且蓬松的状态？	该变化是否在 2 秒内完成？
1077	process_117_E2B	render	Starting at 28.0 seconds, render only the visible rainbow arc as translucent stained glass with crisp color bands over two seconds.	是否仅有可见彩虹弧被呈现为带有清晰色带的半透明彩色玻璃？	该渲染是否在 2 秒内完成？
1080	process_119_E2B	apply	Starting at 28.0 seconds, apply a black-and-cyan duotone grade to the complete edited firework sequence over two seconds.	完整的已编辑烟花序列是否应用了黑色与青色双色调分级？	该效果应用是否在 2 秒内完成？
1104	process_137_E2B	change	Starting at 28.0 seconds, change the illumination across the clouds and ridge to soft diffuse peach-colored light over two seconds.	云层和山脊上的照明是否变为柔和漫射的桃色光？	该变化是否在 2 秒内完成？
1105	process_138_E1	change	Starting at 13.0 seconds, change only the detached falling leaves from golden yellow to deep crimson red over two seconds.	是否仅有脱离并飘落的叶片从金黄色变为深绯红色？	该变化是否在 2 秒内完成？
1106	process_138_E2A	apply	Starting at 29.0 seconds, apply a muted navy-and-gold duotone grade to the complete falling-leaf scene over two seconds.	完整的落叶场景是否应用了柔和的海军蓝与金色双色调分级？	该效果应用是否在 2 秒内完成？
1109	process_140_E2A	change	Starting at 29.0 seconds, change the three brightest light curtains to alternating turquoise and pale gold over two seconds.	三条最亮的光幕是否变为绿松石色与浅金色交替排列？	该变化是否在 2 秒内完成？
1119	process_144_E2B	convert	Starting at 28.0 seconds, convert the complete mechanical animation into a low-resolution 1980s wireframe-computer style over two seconds.	完整机械动画是否转换为低分辨率的 20 世纪 80 年代线框计算机风格？	该转换是否在 2 秒内完成？
1121	process_145_E2A	transform	Starting at 29.0 seconds, transform the complete bay and tidal-flat scene into a detailed transparent watercolor painting over two seconds.	完整的海湾与潮滩场景是否转换为细致的透明水彩画？	该转换是否在 2 秒内完成？
1126	process_149_E1	change	Starting at 13.0 seconds, change the red bear-shaped gummy to a frosted finely crystalline surface over two seconds.	红色熊形软糖的表面是否变为磨砂细晶状？	该变化是否在 2 秒内完成？
1131	process_150_E2B	render	Starting at 28.0 seconds, render only the trees and sky behind the red flowers as loose transparent watercolor washes over two seconds.	是否仅有红花后方的树木和天空被呈现为松散的透明水彩晕染？	该渲染是否在 2 秒内完成？
1137	process_157_E2B	render	Starting at 28.0 seconds, render only the visible flames as translucent amber glass sculptures over the next two seconds.	是否仅有可见火焰被呈现为半透明琥珀色玻璃雕塑？	该渲染是否在 2 秒内完成？
1138	process_160_E1	change	Starting at 13.0 seconds, change the purple clustered flowers to ivory white over the next two seconds.	簇生花朵是否从紫色变为象牙白色？	该变化是否在 2 秒内完成？
1145	process_163_E2A	change	Starting at 29.0 seconds, change the visible colored liquid throughout the pitcher from deep blue to emerald green over two seconds.	水壶中所有可见的有色液体是否从深蓝色变为祖母绿色？	该变化是否在 2 秒内完成？
1147	process_164_E1	render	Starting at 17.0 seconds, render only the burner flame as layered translucent paper-cut shapes over two seconds.	是否仅有燃烧器火焰被呈现为分层半透明剪纸形状？	该渲染是否在 2 秒内完成？
1152	process_166_E2B	change	Starting at 28.0 seconds, change the dry matte areas of the board to a fine rough sandstone texture over two seconds.	板面干燥的哑光区域是否变为细腻粗糙的砂岩纹理？	该变化是否在 2 秒内完成？
1158	process_169_E2B	change	Starting at 28.0 seconds, change the four large circular cavity rims to smooth satin-gray metal surfaces over two seconds.	四个大型圆形腔体边缘是否变为光滑的缎面灰色金属表面？	该变化是否在 2 秒内完成？
1167	process_179_E2B	transform	Starting at 28.0 seconds, transform the complete coastline scene into a detailed gouache landscape painting over two seconds.	完整海岸线场景是否转换为细致的水粉风景画？	该转换是否在 2 秒内完成？
1169	process_180_E2A	change	Starting at 29.0 seconds, change the illumination on the white flower corolla to soft diffuse warm light over two seconds.	白色花冠上的照明是否变为柔和漫射的暖光？	该变化是否在 2 秒内完成？
1173	process_182_E2B	apply	Starting at 28.0 seconds, apply a charcoal-black and mint-green duotone grade to the complete aurora-like scene over two seconds.	完整的类极光场景是否应用了炭黑色与薄荷绿色双色调分级？	该效果应用是否在 2 秒内完成？
1176	process_183_E2B	change	Starting at 29.0 seconds, change the visible bright crescent of the moon from white to vivid orange over two seconds.	月亮可见的明亮月牙是否从白色变为鲜橙色？	该变化是否在 2 秒内完成？
1179	process_184_E2B	render	Starting at 28.0 seconds, render only the autumn woods behind the stream as layered sepia ink wash over two seconds.	是否仅有溪流后方的秋季树林被呈现为分层棕褐色水墨？	该渲染是否在 2 秒内完成？
1185	process_189_E2B	convert	Starting at 28.0 seconds, convert the complete lantern-ascent sequence into a warm grainy 1970s color-film appearance over two seconds.	完整的灯笼上升序列是否转换为温暖、带颗粒的 20 世纪 70 年代彩色胶片外观？	该转换是否在 2 秒内完成？
1187	process_190_E2A	change	Starting at 29.0 seconds, change the largest visible dark animal to a long shaggy coat over two seconds.	最大且可见的深色动物是否长出长而蓬乱的皮毛？	该变化是否在 2 秒内完成？
1188	process_190_E2B	transform	Starting at 28.0 seconds, transform the complete grassland herd scene into a detailed gouache wildlife painting over two seconds.	完整的草原兽群场景是否转换为细致的水粉野生动物画？	该转换是否在 2 秒内完成？
1203	scene_002_E2B	shift	Starting at 32.5 seconds, shift the visible non-text surfaces of the high-rise buildings to a uniform soft amber finish over two seconds.	高层建筑可见的非文字表面是否变为均匀柔和的琥珀色饰面？	该变化是否在 2 秒内完成？
1216	scene_013_E1	shift	Starting at 14.5 seconds, shift the visible non-text surfaces of the trees to a uniform cool silver-gray finish over two seconds.	树木可见的非文字表面是否变为均匀的冷银灰色饰面？	该变化是否在 2 秒内完成？
1230	scene_020_E2B	render	Starting at 31.5 seconds, render only the lawn with a restrained watercolor-wash treatment over two seconds.	是否仅有草坪被呈现为克制的水彩晕染风格？	该渲染是否在 2 秒内完成？
1233	scene_022_E2B	shift	Starting at 26.5 seconds, shift the visible non-text surfaces of the unmarked stairwell wall surfaces to a uniform cool silver-gray finish over two seconds.	无标记楼梯间墙面的可见非文字表面是否变为均匀的冷银灰色饰面？	该变化是否在 2 秒内完成？
1237	scene_024_E1	change	Starting at 14.5 seconds, change the visible outdoor weather to light broken-cloud conditions over three seconds.	可见室外天气是否变为轻度多云、云层间断的状态？	该变化是否在 3 秒内完成？
1243	scene_032_E1	shift	Starting at 11.5 seconds, shift the visible non-text surfaces of the wooden wardrobe doors to a uniform soft amber finish over two seconds.	木质衣柜门可见的非文字表面是否变为均匀柔和的琥珀色饰面？	该变化是否在 2 秒内完成？
1247	scene_035_E2A	render	Starting at 25.5 seconds, render only the bridge's unmarked stone surface with a low-poly architectural rendering treatment over two seconds.	是否仅有桥梁无标记的石质表面被呈现为低多边形建筑渲染风格？	该渲染是否在 2 秒内完成？
1251	scene_036_E2B	shift	Starting at 28.5 seconds, shift the visible non-text surfaces of the ground surface to a uniform muted teal finish over two seconds.	地面可见的非文字表面是否变为均匀柔和的蓝绿色饰面？	该变化是否在 2 秒内完成？
1257	scene_039_E2B	render	Starting at 31.5 seconds, render the full visible indoor performance venue as a restrained watercolor illustration over three seconds.	完整可见的室内表演场地是否被呈现为克制的水彩插画？	该渲染是否在 3 秒内完成？
1263	scene_041_E2B	render	Starting at 29.5 seconds, render the full visible scene as a restrained watercolor illustration over three seconds.	完整可见场景是否被呈现为克制的水彩插画？	该渲染是否在 3 秒内完成？
1267	scene_043_E1	shift	Starting at 19.0 seconds, shift the visible non-text surfaces of the railings to a uniform cool silver-gray finish over two seconds.	栏杆可见的非文字表面是否变为均匀的冷银灰色饰面？	该变化是否在 2 秒内完成？
1276	scene_049_E1	shift	Starting at 19.0 seconds, shift the visible non-text surfaces of the unmarked shop-canopy fabric to a uniform cool silver-gray finish over two seconds.	无标记店铺雨篷织物的可见非文字表面是否变为均匀的冷银灰色饰面？	该变化是否在 2 秒内完成？
1282	scene_054_E1	change	Starting at 14.5 seconds, change the weather above the open campus lawn to light broken-cloud conditions over three seconds.	开放校园草坪上方的天气是否变为轻度多云、云层间断的状态？	该变化是否在 3 秒内完成？
1284	scene_054_E2B	render	Starting at 29.5 seconds, render the full visible campus lawn and curved road as a restrained watercolor illustration over three seconds.	完整可见的校园草坪和弯曲道路是否被呈现为克制的水彩插画？	该渲染是否在 3 秒内完成？
1290	scene_057_E2B	render	Starting at 27.5 seconds, render the full visible scene as a restrained watercolor illustration over three seconds.	完整可见场景是否被呈现为克制的水彩插画？	该渲染是否在 3 秒内完成？
1293	scene_061_E2B	render	Starting at 30.5 seconds, render only the unmarked roadside guardrail with a low-poly architectural rendering treatment over two seconds.	是否仅有无标记的路边护栏被呈现为低多边形建筑渲染风格？	该渲染是否在 2 秒内完成？
1294	scene_062_E1	shift	Starting at 14.5 seconds, shift the visible non-text surfaces of the stools to a uniform soft amber finish over two seconds.	凳子可见的非文字表面是否变为均匀柔和的琥珀色饰面？	该变化是否在 2 秒内完成？
1297	scene_064_E1	change	Starting at 18.5 seconds, change the visible outdoor weather to light broken-cloud conditions over three seconds.	可见室外天气是否变为轻度多云、云层间断的状态？	该变化是否在 3 秒内完成？
1299	scene_064_E2B	render	Starting at 33.5 seconds, render only the covered walkway columns with a low-poly architectural rendering treatment over two seconds.	是否仅有有顶步道的柱子被呈现为低多边形建筑渲染风格？	该渲染是否在 2 秒内完成？
1300	scene_065_E1	change	Starting at 14.5 seconds, change the visible outdoor weather to thin overcast conditions over three seconds.	可见室外天气是否变为薄云阴天状态？	该变化是否在 3 秒内完成？
1306	scene_067_E1	shift	Starting at 16.5 seconds, shift the visible non-text surfaces of the unmarked wooden court floor to a uniform cool silver-gray finish over two seconds.	无标记木质球场地面的可见非文字表面是否变为均匀的冷银灰色饰面？	该变化是否在 2 秒内完成？
1312	scene_074_E1	shift	Starting at 11.5 seconds, shift the visible non-text surfaces of the lawn to a uniform soft amber finish over two seconds.	草坪可见的非文字表面是否变为均匀柔和的琥珀色饰面？	该变化是否在 2 秒内完成？
1315	scene_079_E1	shift	Starting at 14.5 seconds, shift the visible non-text surfaces of the ground surface to a uniform cool silver-gray finish over two seconds.	地面可见的非文字表面是否变为均匀的冷银灰色饰面？	该变化是否在 2 秒内完成？
1318	scene_080_E1	shift	Starting at 11.5 seconds, shift the temple-complex lawn's visible non-text surfaces to a uniform soft amber finish over two seconds.	寺庙建筑群草坪可见的非文字表面是否变为均匀柔和的琥珀色饰面？	该变化是否在 2 秒内完成？
1321	scene_082_E1	shift	Starting at 14.5 seconds, shift the visible non-text surfaces of the unmarked pedestrian-lane paving to a uniform cool silver-gray finish over two seconds.	无标记步行道铺装的可见非文字表面是否变为均匀的冷银灰色饰面？	该变化是否在 2 秒内完成？
1324	scene_084_E1	shift	Starting at 7.5 seconds, shift the canal water to a uniform clearer blue-green appearance over two seconds.	运河水是否变为均匀且更清澈的蓝绿色外观？	该变化是否在 2 秒内完成？
1327	scene_085_E1	shift	Starting at 14.5 seconds, shift the unmarked plaza paving to a uniform warm-gray appearance over two seconds.	无标记广场铺装是否变为均匀的暖灰色外观？	该变化是否在 2 秒内完成？
1333	scene_088_E1	change	Starting at 14.5 seconds, change the nearest visible voxel house to an old, visibly weathered state over two seconds.	最近的可见体素房屋是否变得老旧且明显风化？	该变化是否在 2 秒内完成？
1336	scene_090_E1	shift	Starting at 15.0 seconds, shift the unmarked mall floor to a uniform neutral light-gray appearance over two seconds.	无标记商场地面是否变为均匀的中性浅灰色外观？	该变化是否在 2 秒内完成？
1339	scene_091_E1	shift	Starting at 13.5 seconds, shift the unmarked cream wall panels to a uniform pale-gray appearance over two seconds.	无标记奶油色墙板是否变为均匀的浅灰色外观？	该变化是否在 2 秒内完成？
1340	scene_091_E2A	render	Starting at 26.5 seconds, render only one ordinary atrium column with a low-poly architectural rendering treatment over two seconds.	是否仅有一根普通中庭柱被呈现为低多边形建筑渲染风格？	该渲染是否在 2 秒内完成？
1345	scene_097_E1	shift	Starting at 13.5 seconds, shift the open lawn to a uniform deeper natural green over two seconds.	开放草坪是否变为均匀且更深的自然绿色？	该变化是否在 2 秒内完成？
1353	scene_102_E2B	render	Starting at 28.5 seconds, render the full visible open-sea motorboat scene as a restrained watercolor illustration over three seconds.	完整可见的开阔海面摩托艇场景是否被呈现为克制的水彩插画？	该渲染是否在 3 秒内完成？
1356	scene_103_E2B	render	Starting at 30.5 seconds, render the full visible scene as a restrained watercolor illustration over three seconds.	完整可见场景是否被呈现为克制的水彩插画？	该渲染是否在 3 秒内完成？
1357	scene_104_E1	shift	Starting at 14.5 seconds, shift the unmarked market-aisle floor to neutral charcoal over two seconds.	无标记市场过道地面是否变为中性炭灰色？	该变化是否在 2 秒内完成？
1359	scene_104_E2B	render	Starting at 29.5 seconds, render the full visible indoor food-market aisle as a restrained watercolor illustration over three seconds.	完整可见的室内食品市场过道是否被呈现为克制的水彩插画？	该渲染是否在 3 秒内完成？
1361	scene_105_E2A	render	Starting at 29.5 seconds, render one exposed sand-bottom patch with restrained stippled watercolor texture over two seconds.	一处裸露沙底区域是否被呈现为克制的点描水彩纹理？	该渲染是否在 2 秒内完成？
1362	scene_105_E2B	render	Starting at 29.5 seconds, render the full visible shark aquarium scene as a restrained watercolor illustration over three seconds.	完整可见的鲨鱼水族箱场景是否被呈现为克制的水彩插画？	该渲染是否在 3 秒内完成？
1366	scene_110_E1	shift	Starting at 13.5 seconds, shift the unmarked enclosure grass to a deeper natural green over two seconds.	无标记围栏草地是否变为更深的自然绿色？	该变化是否在 2 秒内完成？
1371	scene_111_E2B	render	Starting at 29.5 seconds, render one clear sand patch outside the ATV routes with restrained pastel texture over two seconds.	全地形车路线外的一处清晰沙地区域是否被呈现为克制的粉彩纹理？	该渲染是否在 2 秒内完成？
1373	scene_113_E2A	render	Starting at 29.5 seconds, render one plain dark soft-sided bag on the ground in a matte low-poly style over two seconds.	地面上的一个普通深色软边袋是否被呈现为哑光低多边形风格？	该渲染是否在 2 秒内完成？
1377	scene_119_E2B	render	Starting at 29.5 seconds, render the full visible kitchen with the large crocodilian as a restrained watercolor illustration over three seconds.	包含大型鳄鱼状动物的完整可见厨房是否被呈现为克制的水彩插画？	该渲染是否在 3 秒内完成？
1380	scene_120_E2B	render	Starting at 29.5 seconds, render the full visible coral-reef scene as a restrained watercolor illustration over three seconds.	完整可见的珊瑚礁场景是否被呈现为克制的水彩插画？	该渲染是否在 3 秒内完成？
1382	scene_123_E2A	render	Starting at 26.5 seconds, render one unmarked wooden park bench in a restrained low-poly furniture style over two seconds.	一张无标记木质公园长椅是否被呈现为克制的低多边形家具风格？	该渲染是否在 2 秒内完成？
1389	scene_126_E2B	render	Starting at 29.5 seconds, render the full visible elevated-highway traffic scene as a restrained watercolor illustration over three seconds.	完整可见的高架公路交通场景是否被呈现为克制的水彩插画？	该渲染是否在 3 秒内完成？
1392	scene_128_E2B	render	Starting at 29.5 seconds, render the full visible scene as 1990s documentary film over three seconds with mild analog grain.	完整可见场景是否被呈现为带轻微模拟颗粒的 20 世纪 90 年代纪录片胶片风格？	该渲染是否在 3 秒内完成？
1398	scene_134_E2B	render	Starting at 28.5 seconds, render the full visible scene as 1990s documentary film over three seconds with mild analog grain.	完整可见场景是否被呈现为带轻微模拟颗粒的 20 世纪 90 年代纪录片胶片风格？	该渲染是否在 3 秒内完成？
1399	scene_135_E1	change	Starting at 14.5 seconds, change the temple-garden overcast to softly layered thin-cloud coverage over three seconds.	寺庙花园的阴天天气是否变为柔和分层的薄云覆盖？	该变化是否在 3 秒内完成？
1404	scene_136_E2B	render	Starting at 30.5 seconds, render the full visible scene as 1990s documentary film over three seconds with mild analog grain.	完整可见场景是否被呈现为带轻微模拟颗粒的 20 世纪 90 年代纪录片胶片风格？	该渲染是否在 3 秒内完成？
1409	scene_139_E2A	render	Starting at 29.5 seconds, render one unobstructed foreground rock surface in a dry-brush gouache style over two seconds.	一处无遮挡的前景岩石表面是否被呈现为干笔水粉风格？	该渲染是否在 2 秒内完成？
1410	scene_139_E2B	render	Starting at 26.5 seconds, render the full visible sunrise mountain summit as 1990s documentary film over three seconds with mild analog grain.	完整可见的日出山顶场景是否被呈现为带轻微模拟颗粒的 20 世纪 90 年代纪录片胶片风格？	该渲染是否在 3 秒内完成？
1412	scene_141_E2A	render	Starting at 26.5 seconds, render only the nearest weathered wooden mooring post in a restrained ink-wash style over 2.5 seconds.	是否仅有最近的风化木质系泊桩被呈现为克制的水墨风格？	该渲染是否在 2.5 秒内完成？
1419	scene_146_E2B	apply	Starting at 26.5 seconds, apply a crisp monochrome graphic treatment across the full visible table-tennis match over 2.5 seconds.	完整可见的乒乓球比赛是否应用了清晰的单色图形化处理？	该效果应用是否在 2.5 秒内完成？
1422	scene_147_E2B	apply	Starting at 24.5 seconds, apply a subdued warm documentary color grade across the full visible temple-to-street scene over 2.5 seconds.	完整可见的寺庙至街道场景是否应用了柔和的暖色纪录片调色？	该效果应用是否在 2.5 秒内完成？
1425	scene_148_E2B	apply	Starting at 26.5 seconds, apply a cool low-saturation color treatment across the full visible garden-to-street scene over 2.5 seconds.	完整可见的花园至街道场景是否应用了冷调低饱和度色彩处理？	该效果应用是否在 2.5 秒内完成？
1428	scene_149_E2B	apply	Starting at 25.5 seconds, apply a restrained warm filmic color grade across the full visible commercial-street scene over 2.5 seconds.	完整可见的商业街场景是否应用了克制的暖色电影调色？	该效果应用是否在 2.5 秒内完成？
1443	scene_161_E2B	render	Starting at 30.5 seconds, render the open grass patch behind the mailbox in a colored-pencil style over 2.5 seconds.	邮箱后方的开阔草地区域是否被呈现为彩色铅笔风格？	该渲染是否在 2.5 秒内完成？
1461	scene_173_E2B	render	Starting at 25.5 seconds, render the full visible landmark scene in a detailed oil-painted nocturne style over three seconds.	整个可见地标场景是否呈现为细致的夜景油画风格？	该渲染是否在 3 秒内完成？
1464	scene_177_E2B	render	Starting at 33.0 seconds, render the final uninterrupted red-truck shot as a 1990s analog sports broadcast over three seconds.	最后一段不间断的红色卡车镜头是否呈现为 1990 年代模拟体育转播风格？	该渲染是否在 3 秒内完成？
1468	scene_180_E1	shift	Starting at 14.5 seconds, shift the lake surface outside the title overlay to a muted teal over three seconds.	标题叠加层以外的湖面是否变为柔和的蓝绿色？	该变化是否在 3 秒内完成？
1473	scene_182_E2B	render	Starting at 30.5 seconds, render the rectangular lawn patch between two palm trunks in a soft watercolor style over 2.5 seconds.	两根棕榈树干之间的矩形草地区域是否呈现为柔和的水彩风格？	该渲染是否在 2.5 秒内完成？
1477	scene_184_E1	shift	Starting at 13.5 seconds, shift the unmarked interior stone-column surfaces to a 10% cooler neutral gray over three seconds.	无标记的室内石柱表面是否变为冷 10% 的中性灰色？	该变化是否在 3 秒内完成？
1479	scene_184_E2B	render	Starting at 28.5 seconds, render the open gray paving patch right of the central tree in a fine pastel-chalk style over 2.5 seconds.	中央树木右侧的开阔灰色铺地区域是否呈现为细腻的粉彩粉笔风格？	该渲染是否在 2.5 秒内完成？
1482	scene_185_E2B	render	Starting at 30.5 seconds, render the open outer grass patch behind the cattle in a restrained ink-wash style over 2.5 seconds.	牛群后方外侧的开阔草地区域是否呈现为克制的水墨风格？	该渲染是否在 2.5 秒内完成？
1485	scene_186_E2B	render	Starting at 30.5 seconds, render one low roadside shrub cluster beyond the right guardrail in a layered paper-cut style over 2.5 seconds.	右侧护栏外的一丛低矮路边灌木是否呈现为分层剪纸风格？	该渲染是否在 2.5 秒内完成？
1497	scene_198_E2B	apply	Starting at 26.5 seconds, apply a fine halftone print texture across the full visible robot-football scene over three seconds.	整个可见的机器人足球场景是否应用细腻的半色调印刷纹理？	该效果应用是否在 3 秒内完成？
1804	synthetic_human_002_E1	change	Starting at 12.5 seconds, change the seated woman's dark red lipstick to soft rose pink over two seconds.	坐着女子的深红色口红是否变为柔和玫瑰粉色？	该变化是否在 2 秒内完成？
1807	synthetic_human_003_E1	change	Starting at 13.0 seconds, change the older woman's silver-gray bob to pale lavender over two seconds.	年长女子的银灰色波波头是否变为淡薰衣草紫色？	该变化是否在 2 秒内完成？
1812	synthetic_human_004_E2B	change	Starting at 26.0 seconds, change the red-haired woman's clearly visible black eyeliner to metallic blue over two seconds.	红发女子清晰可见的黑色眼线是否变为金属蓝色？	该变化是否在 2 秒内完成？
1815	synthetic_human_005_E2B	change	Starting at 26.0 seconds, change the older man's black sweater to dark navy with a fine-knit texture over two seconds.	年长男子的黑色毛衣是否变为带有细针织纹理的深海军蓝色？	该变化是否在 2 秒内完成？
1820	synthetic_human_007_E2A	change	Starting at 30.0 seconds, change the visible light wooden tabletop to a dark walnut finish over two seconds.	可见的浅色木桌面是否变为深胡桃木饰面？	该变化是否在 2 秒内完成？
1828	synthetic_human_010_E1	render	Starting at 13.0 seconds, render only the central older man as a charcoal illustration over two seconds.	是否仅有中央年长男子呈现为炭笔插画？	该渲染是否在 2 秒内完成？
1834	synthetic_human_012_E1	change	Starting at 18.5 seconds, change the potter's short dark hair to platinum blonde over two seconds.	陶艺师的深色短发是否变为铂金色？	该变化是否在 2 秒内完成？
1839	synthetic_human_013_E2B	change	Starting at 27.0 seconds, change the player's pink-lavender hair to deep teal over two seconds.	演奏者的粉紫色头发是否变为深蓝绿色？	该变化是否在 2 秒内完成？
1843	synthetic_human_015_E1	change	Starting at 12.5 seconds, change the woman's black ankle boots to burgundy leather over two seconds.	女子的黑色踝靴是否变为酒红色皮靴？	该变化是否在 2 秒内完成？
1846	synthetic_human_016_E1	change	Starting at 12.5 seconds, change the cook's short black mustache to salt-and-pepper gray over two seconds.	厨师的黑色短胡子是否变为黑白相间的灰色？	该变化是否在 2 秒内完成？
1849	synthetic_human_017_E1	change	Starting at 12.0 seconds, change the seated woman's red lipstick to soft coral over two seconds.	坐着女子的红色口红是否变为柔和珊瑚色？	该变化是否在 2 秒内完成？
1850	synthetic_human_017_E2A	render	Starting at 29.5 seconds, render only the wooden wall and white curtain background as a watercolor painting over two seconds.	是否仅有木墙和白色窗帘背景呈现为水彩画？	该渲染是否在 2 秒内完成？
1852	synthetic_human_018_E1	apply	Starting at 11.0 seconds, apply a muted 1970s color-film palette to the complete photographer scene over two seconds.	整个摄影师场景是否呈现低饱和的 1970 年代彩色胶片色调？	该效果应用是否在 2 秒内完成？
1857	synthetic_human_019_E2B	change	Starting at 26.5 seconds, change the central woman's short blonde hair to copper red over two seconds.	中央女子的金色短发是否变为铜红色？	该变化是否在 2 秒内完成？
1860	synthetic_human_020_E2B	change	Starting at 24.5 seconds, change the woodworker's dark shoulder-length hair to silver gray over two seconds.	木工的深色齐肩发是否变为银灰色？	该变化是否在 2 秒内完成？
1862	synthetic_human_021_E2A	change	Starting at 29.0 seconds, change the seated woman's dark red lipstick to soft berry pink over two seconds.	坐着女子的深红色口红是否变为柔和浆果粉色？	该变化是否在 2 秒内完成？
1866	synthetic_human_022_E2B	change	Starting at 25.5 seconds, change the seated woman's dark blue-gray eye shadow to warm copper over two seconds.	坐着女子的深蓝灰色眼影是否变为暖铜色？	该变化是否在 2 秒内完成？
1870	synthetic_human_024_E1	transform	Starting at 12.0 seconds, transform the complete library scene into warm-grained 1980s 16 mm documentary footage over two seconds.	整个图书馆场景是否转变为带暖色颗粒的 1980 年代 16 毫米纪录片影像？	该转换是否在 2 秒内完成？
1887	synthetic_human_029_E2B	change	Starting at 25.5 seconds, change the chef's plain white jacket to light sage green over two seconds.	厨师的无图案白色夹克是否变为浅鼠尾草绿色？	该变化是否在 2 秒内完成？
1895	synthetic_human_032_E2A	change	Starting at 29.0 seconds, change the woman's white pearl necklace into a plain black velvet choker over two seconds.	女子的白色珍珠项链是否变为无图案黑色天鹅绒颈圈？	该变化是否在 2 秒内完成？
1900	synthetic_human_034_E1	change	Starting at 12.5 seconds, change the white drinking cup into pale blue glazed ceramic over two seconds.	白色饮水杯是否变为浅蓝色釉面陶瓷杯？	该变化是否在 2 秒内完成？
1904	synthetic_human_035_E2A	render	Starting at 29.0 seconds, render only the mirror-reflected man as a softly layered watercolor portrait over two and a half seconds.	是否仅有镜中男子呈现为柔和分层的水彩肖像？	该渲染是否在 2.5 秒内完成？
1913	synthetic_human_038_E2A	change	Starting at 29.0 seconds, change the woman's natural-tan straw hat to pale gray over two seconds.	女子的天然棕色草帽是否变为浅灰色？	该变化是否在 2 秒内完成？
1915	synthetic_human_039_E1	change	Starting at 12.5 seconds, change the man's brown sunglass lenses to smoky green over two seconds.	男子太阳镜的棕色镜片是否变为烟绿色？	该变化是否在 2 秒内完成？
1918	synthetic_human_040_E1	change	Starting at 12.0 seconds, change the repairer's plain gray vest to deep burgundy over two seconds.	修理者的无图案灰色背心是否变为深酒红色？	该变化是否在 2 秒内完成？
1936	synthetic_human_046_E1	change	Starting at 12.5 seconds, change the seated woman's pale pink knit dress to muted teal over two seconds.	坐着女子的浅粉色针织连衣裙是否变为柔和蓝绿色？	该变化是否在 2 秒内完成？
1944	synthetic_human_048_E2B	change	Starting at 25.5 seconds, change the hose operator's short dark hair to platinum blond over two seconds.	水带操作员的深色短发是否变为铂金色？	该变化是否在 2 秒内完成？
1956	synthetic_human_052_E2B	change	Starting at 25.5 seconds, change the pale floor-lamp shade to muted amber over two seconds.	浅色落地灯灯罩是否变为柔和琥珀色？	该变化是否在 2 秒内完成？
1959	synthetic_human_053_E2B	change	Starting at 25.5 seconds, change the seated woman's dark green sweater to mustard yellow over two seconds.	坐着女子的深绿色毛衣是否变为芥末黄色？	该变化是否在 2 秒内完成？
1962	synthetic_human_054_E2B	change	Starting at 25.5 seconds, change the seated woman's teal-green sweater to deep burgundy over two seconds.	坐着女子的蓝绿色毛衣是否变为深酒红色？	该变化是否在 2 秒内完成？
1964	synthetic_human_055_E2A	change	Starting at 29.0 seconds, change the cyclist's white vented helmet to matte red over two seconds.	骑行者的白色通风头盔是否变为哑光红色？	该变化是否在 2 秒内完成？
1974	synthetic_human_058_E2B	change	Starting at 25.5 seconds, change the barista's plain green apron to deep burgundy over two seconds.	咖啡师的无图案绿色围裙是否变为深酒红色？	该变化是否在 2 秒内完成？
1978	synthetic_human_060_E1	change	Starting at 16.0 seconds, change the fully visible white standing fan behind the clerk to matte black over two seconds.	职员身后完整可见的白色落地扇是否变为哑光黑色？	该变化是否在 2 秒内完成？
1980	synthetic_human_060_E2B	render	Starting at 25.5 seconds, render only the office clerk as a colored-pencil illustration with fine crosshatched shading over two and a half seconds.	是否仅有办公室职员呈现为带细密交叉排线明暗的彩色铅笔插画？	该渲染是否在 2.5 秒内完成？
1985	synthetic_human_062_E2A	change	Starting at 31.0 seconds, change the waterfront woman's dark eyeglass frames to translucent amber over two seconds.	滨水区女子的深色眼镜框是否变为半透明琥珀色？	该变化是否在 2 秒内完成？
1987	synthetic_human_063_E1	change	Starting at 15.0 seconds, change the left seated man's brown hair to dark auburn over two seconds.	左侧坐着男子的棕色头发是否变为深赤褐色？	该变化是否在 2 秒内完成？
1991	synthetic_human_064_E2A	change	Starting at 30.0 seconds, change the left seated man's visible facial and hand skin to a natural warm tan over two seconds.	左侧坐着男子可见的面部和手部皮肤是否变为自然暖棕肤色？	该变化是否在 2 秒内完成？
2001	synthetic_human_067_E2B	change	Starting at 25.0 seconds, change the right rooftop woman's brown hair to deep copper over two seconds.	屋顶右侧女子的棕色头发是否变为深铜色？	该变化是否在 2 秒内完成？
2005	synthetic_human_069_E1	change	Starting at 14.5 seconds, change the pale dining-room curtain to muted sage green over two seconds.	餐厅的浅色窗帘是否变为柔和鼠尾草绿色？	该变化是否在 2 秒内完成？
2008	synthetic_human_070_E1	change	Starting at 11.0 seconds, change the seated client's brown shoulder-length hair to dark auburn over two seconds.	坐着顾客的棕色齐肩发是否变为深赤褐色？	该变化是否在 2 秒内完成？
2012	synthetic_human_071_E2A	change	Starting at 31.0 seconds, change the right stationary-bike rider's short brown hair to silver gray over two seconds.	右侧动感单车骑行者的棕色短发是否变为银灰色？	该变化是否在 2 秒内完成？
2017	synthetic_human_073_E1	change	Starting at 13.0 seconds, change the food-court table's plain white surface to matte pale blue over two seconds.	美食广场餐桌的无图案白色表面是否变为哑光浅蓝色？	该变化是否在 2 秒内完成？
2021	synthetic_human_074_E2A	change	Starting at 27.0 seconds, change the fully visible plain red cup before the right student to matte teal over two seconds.	右侧学生面前完整可见的无图案红杯是否变为哑光蓝绿色？	该变化是否在 2 秒内完成？
2031	synthetic_human_077_E2B	change	Starting at 25.5 seconds, change the tall man's dark navy jacket to muted forest green over two seconds.	高个男子的深海军蓝夹克是否变为柔和森林绿色？	该变化是否在 2 秒内完成？
2036	synthetic_human_079_E2A	change	Starting at 30.5 seconds, change the left dancer's dark blue shirt to muted coral over two seconds.	左侧舞者的深蓝色衬衫是否变为柔和珊瑚色？	该变化是否在 2 秒内完成？
2039	synthetic_human_080_E2A	change	Starting at 31.5 seconds, change the therapist's burgundy uniform top to deep teal over two seconds.	治疗师的酒红色制服上衣是否变为深蓝绿色？	该变化是否在 2 秒内完成？
2044	synthetic_human_082_E1	change	Starting at 11.0 seconds, change the front-left participant's gray sleeveless top to muted coral over two seconds.	左前方参与者的灰色无袖上衣是否变为柔和珊瑚色？	该变化是否在 2 秒内完成？
2047	synthetic_human_083_E1	change	Starting at 12.0 seconds, change the foreground player's orange basketball to matte teal over two seconds.	前景球员的橙色篮球是否变为哑光蓝绿色？	该变化是否在 2 秒内完成？
2055	synthetic_human_085_E2B	change	Starting at 23.5 seconds, change the long pale runner across the central table to muted blue over two seconds.	中央桌面上的浅色长桌旗是否变为柔和蓝色？	该变化是否在 2 秒内完成？
2063	synthetic_human_088_E2A	transform	Starting at 29.5 seconds, transform the entire percussion ensemble into a high-contrast colored linocut print over two and a half seconds.	整个打击乐合奏场景是否转变为高对比度彩色版画？	该转换是否在 2.5 秒内完成？
2066	synthetic_human_089_E2A	apply	Starting at 31.0 seconds, apply a restrained cyan-and-orange duotone to the entire exercise-room scene over two seconds.	整个锻炼室场景是否呈现克制的青色与橙色双色调？	该效果应用是否在 2 秒内完成？
2068	synthetic_human_090_E1	change	Starting at 11.5 seconds, change the plain orange bicycle frame to matte navy over two seconds.	无图案橙色自行车车架是否变为哑光海军蓝色？	该变化是否在 2 秒内完成？
2071	synthetic_human_091_E1	change	Starting at 13.5 seconds, change the foreground denim-jacket woman's muted red lipstick to soft berry pink over two seconds.	前景穿牛仔夹克女子的柔和红色口红是否变为柔和浆果粉色？	该变化是否在 2 秒内完成？
2074	synthetic_human_092_E1	change	Starting at 15.0 seconds, change the outdoor weather beyond the shelter to steady light rain over three seconds.	遮蔽处外的天气是否变为持续小雨？	该变化是否在 3 秒内完成？
2078	synthetic_human_093_E2A	change	Starting at 30.0 seconds, change the long wooden bench surface to matte slate blue over two seconds.	长木凳表面是否变为哑光板岩蓝色？	该变化是否在 2 秒内完成？
2091	synthetic_human_097_E2B	change	Starting at 25.0 seconds, change the foreground seated swimmer's beige swim cap to bright teal over two seconds.	前景坐着的游泳者的米色泳帽是否变为亮蓝绿色？	该变化是否在 2 秒内完成？
2099	synthetic_human_100_E2A	change	Starting at 31.0 seconds, change the central model's plain gray top to deep burgundy over two seconds.	中央模特的无图案灰色上衣是否变为深酒红色？	该变化是否在 2 秒内完成？
2101	synthetic_object_001_E1	transform	Starting at 11.5 seconds, transform the full dog-and-frisbee scene into a colored-pencil animation over the next two seconds.	整个狗与飞盘场景是否转变为彩色铅笔动画？	该转换是否在 2 秒内完成？
2104	synthetic_object_002_E1	change	Starting at 8.5 seconds, change the fox's warm russet-brown dorsal coat to silver-gray over the next two seconds.	狐狸背部温暖的赤褐色毛皮是否变为银灰色？	该变化是否在 2 秒内完成？
2112	synthetic_object_004_E2B	convert	Starting at 24.0 seconds, convert the full horse-on-beach video to a restrained 16 mm film look over two seconds.	整个海滩马匹视频是否转变为克制的 16 毫米胶片风格？	该转换是否在 2 秒内完成？
2116	synthetic_object_006_E1	change	Starting at 13.5 seconds, change the chameleon's cyan side band to amber-gold over the next two seconds.	变色龙的青色侧带是否变为琥珀金色？	该变化是否在 2 秒内完成？
2121	synthetic_object_007_E2B	change	Starting at 24.5 seconds, change the owl's dark gray flight-feather markings to warm brown over two seconds.	猫头鹰飞羽上的深灰色斑纹是否变为暖棕色？	该变化是否在 2 秒内完成？
2124	synthetic_object_008_E2B	change	Starting at 20.5 seconds, change the hummingbird's gray-white throat and chest to iridescent violet over two seconds.	蜂鸟灰白色的喉部和胸部是否变为虹彩紫色？	该变化是否在 2 秒内完成？
2125	synthetic_object_009_E1	change	Starting at 9.5 seconds, change the eagle's golden-brown head and neck feathers to pale silver over two seconds.	鹰头部和颈部的金棕色羽毛是否变为浅银色？	该变化是否在 2 秒内完成？
2132	synthetic_object_011_E2A	change	Starting at 35.0 seconds, change the dry grass immediately around the giraffe to fresh green over two seconds.	长颈鹿紧邻周围的干草是否变为鲜绿色？	该变化是否在 2 秒内完成？
2137	synthetic_object_013_E1	change	Starting at 16.5 seconds, change the kangaroo's medium-brown body fur to sandy beige over two seconds.	袋鼠的中棕色体毛是否变为沙米色？	该变化是否在 2 秒内完成？
2138	synthetic_object_013_E2A	render	Starting at 35.0 seconds, render only the kangaroo as a bronze sculpture over the next two seconds.	是否仅有袋鼠呈现为青铜雕塑？	该渲染是否在 2 秒内完成？
2142	synthetic_object_014_E2B	change	Starting at 20.5 seconds, change the dry bark beneath the red panda to a freshly wet darker state over two seconds.	小熊猫下方的干燥树皮是否变为刚被浸湿的深色状态？	该变化是否在 2 秒内完成？
2144	synthetic_object_015_E2A	change	Starting at 36.5 seconds, change the pale rounded object held near the otter's mouth to deep coral red over two seconds.	水獭嘴边拿着的浅色圆润物体是否变为深珊瑚红色？	该变化是否在 2 秒内完成？
2149	synthetic_object_017_E1	change	Starting at 17.0 seconds, change the goat's dry gray-brown coat to a visibly wet flattened state over two seconds.	山羊干燥的灰棕色毛皮是否变为明显湿润贴伏的状态？	该变化是否在 2 秒内完成？
2154	synthetic_object_018_E2B	change	Starting at 21.0 seconds, change both of the rabbit's pale pink inner ears to pale blue over two seconds.	兔子两只浅粉色内耳是否都变为浅蓝色？	该变化是否在 2 秒内完成？
2157	synthetic_object_019_E2B	change	Starting at 31.5 seconds, change the curled hedgehog's brown spines to warm gray over two seconds.	卷曲刺猬的棕色刺毛是否变为暖灰色？	该变化是否在 2 秒内完成？
2158	synthetic_object_020_E1	change	Starting at 15.0 seconds, change the green-blue centers of the peacock's tail eyespots to copper-red over two seconds.	孔雀尾羽眼斑的蓝绿色中心是否变为铜红色？	该变化是否在 2 秒内完成？
2164	synthetic_object_022_E1	change	Starting at 10.5 seconds, change the off-road vehicle's blue body panels to deep forest green over two seconds.	越野车的蓝色车身面板是否变为深森林绿色？	该变化是否在 2 秒内完成？
2170	synthetic_object_024_E1	change	Starting at 12.5 seconds, change the motorcycle's glossy black fuel tank to metallic burgundy over the next two seconds.	摩托车亮黑色油箱是否变为金属酒红色？	该变化是否在 2 秒内完成？
2177	synthetic_object_026_E2A	transform	Starting at 34 seconds, transform the entire freight-train countryside scene into a warm Miyazaki-inspired hand-painted animation over two seconds.	整个乡村货运列车场景是否转变为温暖的宫崎骏风格手绘动画？	该转换是否在 2 秒内完成？
2181	synthetic_object_027_E2B	change	Starting at 24.5 seconds, change the passenger train's blue-gray side stripe to deep green over the next two seconds.	客运列车的蓝灰色侧条纹是否变为深绿色？	该变化是否在 2 秒内完成？
2183	synthetic_object_028_E2A	change	Starting at 29.5 seconds, change the visible passenger doors from closed to fully open over the next two seconds.	可见的乘客车门是否从关闭状态变为完全打开？	该变化是否在 2 秒内完成？
2187	synthetic_object_029_E2B	change	Starting at 25.5 seconds, change the weather across the residential street to steady rain under an overcast sky over two seconds.	住宅街道的天气是否变为阴天下的持续降雨？	该变化是否在 2 秒内完成？
2190	synthetic_object_030_E2B	render	Starting at 24 seconds, render only the yellow taxi's roof sign as frosted translucent glass over two seconds.	是否仅有黄色出租车的车顶标志呈现为磨砂半透明玻璃？	该渲染是否在 2 秒内完成？
2197	synthetic_object_033_E1	change	Starting at 9.5 seconds, change the street sweeper's bright blue body panels to vivid orange over the next two seconds.	道路清扫车的亮蓝色车身面板是否变为鲜艳橙色？	该变化是否在 2 秒内完成？
2202	synthetic_object_034_E2B	change	Starting at 25.5 seconds, change the concrete mixer's large white drum to safety yellow over the next two seconds.	混凝土搅拌车的大型白色搅拌筒是否变为安全黄色？	该变化是否在 2 秒内完成？
2204	synthetic_object_035_E2A	change	Starting at 29.5 seconds, change the raised dump bed from weathered beige to dark industrial green over two seconds.	抬起的自卸车厢是否从风化米色变为深工业绿色？	该变化是否在 2 秒内完成？
2205	synthetic_object_035_E2B	transform	Starting at 28 seconds, transform the full dump-truck scene into a detailed charcoal-and-chalk drawing over two seconds.	整个自卸卡车场景是否转变为细致的炭笔与粉笔画？	该转换是否在 2 秒内完成？
2208	synthetic_object_036_E2B	change	Starting at 21.5 seconds, change the weather across the residential street to bright sunshine under a clear sky over two seconds.	住宅街道的天气是否变为晴空下的明亮阳光？	该变化是否在 2 秒内完成？
2210	synthetic_object_037_E2A	transform	Starting at 35 seconds, transform the full lakeside motorhome scene into a muted 1970s color-film look over two seconds.	整个湖畔房车场景是否转变为低饱和的 1970 年代彩色胶片风格？	该转换是否在 2 秒内完成？
2211	synthetic_object_037_E2B	change	Starting at 25.5 seconds, change the motorhome's cream side panels to pale sage green over the next two seconds.	房车的奶油色侧面板是否变为浅鼠尾草绿色？	该变化是否在 2 秒内完成？
2213	synthetic_object_038_E2A	change	Starting at 31 seconds, change the visible white parking-bay lines to bright yellow over the next two seconds.	可见的白色停车位线是否变为亮黄色？	该变化是否在 2 秒内完成？
2216	synthetic_object_039_E2A	change	Starting at 31.5 seconds, change the roadside grassland from fresh green to dry golden yellow over two seconds.	路边草地是否从鲜绿色变为干燥金黄色？	该变化是否在 2 秒内完成？
2219	synthetic_object_040_E2A	change	Starting at 34 seconds, change the unmarked road surface around the trolleybus from dark asphalt to pale concrete over two seconds.	无轨电车周围无标线的路面是否从深色沥青变为浅色混凝土？	该变化是否在 2 秒内完成？
2235	synthetic_object_045_E2B	transform	Starting at 25.5 seconds, transform the full catamaran scene into a muted 1970s color-film look over two seconds.	整个双体船场景是否转变为低饱和的 1970 年代彩色胶片风格？	该转换是否在 2 秒内完成？
2254	synthetic_object_052_E1	change	Starting at 13 seconds, change the yacht's black side-window band to deep navy blue over the next two seconds.	游艇黑色侧窗带是否变为深海军蓝色？	该变化是否在 2 秒内完成？
2258	synthetic_object_053_E2A	change	Starting at 31 seconds, change the deployed fishing net's pale-gray mesh to bright orange over the next two seconds.	展开渔网的浅灰色网眼是否变为亮橙色？	该变化是否在 2 秒内完成？
2262	synthetic_object_054_E2B	change	Starting at 25.5 seconds, change the suspended buoy from saturated red to bright safety yellow over two seconds.	悬挂浮标是否从饱和红色变为明亮安全黄色？	该变化是否在 2 秒内完成？
2264	synthetic_object_055_E2A	change	Starting at 32 seconds, change the cargo ship's white-and-green exterior to a unified deep navy blue over two seconds.	货船白绿相间的外观是否统一变为深海军蓝色？	该变化是否在 2 秒内完成？
2274	synthetic_object_058_E2B	change	Starting at 24 seconds, change the conical buoy from saturated red to vivid safety orange over the next two seconds.	锥形浮标是否从饱和红色变为鲜艳安全橙色？	该变化是否在 2 秒内完成？
2300	synthetic_object_067_E2A	change	Starting at 31 seconds, change the suspended dark-brown beam to bright safety yellow over the next two seconds.	悬挂的深棕色横梁是否变为明亮安全黄色？	该变化是否在 2 秒内完成？
2304	synthetic_object_068_E2B	change	Starting at 25.5 seconds, change the combine's pale upper grain tank to bright red over the next two seconds.	联合收割机上部浅色粮箱是否变为亮红色？	该变化是否在 2 秒内完成？
2310	synthetic_object_070_E2B	render	Starting at 20.5 seconds, render only the red horizontal sealing head with a hammered copper texture over two seconds.	是否仅有红色水平封箱头呈现为锤纹铜质感？	该渲染是否在 2 秒内完成？
2311	synthetic_object_071_E1	transform	Starting at 19.5 seconds, transform the full bottle-filling scene into a cool cyan monochrome grade over two seconds.	整个瓶装灌装场景是否转变为冷青色单色调？	该转换是否在 2 秒内完成？
2312	synthetic_object_071_E2A	change	Starting at 30.5 seconds, change the liquid inside the clear bottle from pale yellow to translucent violet over two seconds.	透明瓶中的液体是否从浅黄色变为半透明紫色？	该变化是否在 2 秒内完成？
2317	synthetic_object_073_E1	render	Starting at 13 seconds, render only the bread machine's silver upper housing with a warm hammered-copper texture over two seconds.	是否仅有面包机的银色上部外壳呈现为温暖的锤纹铜质感？	该渲染是否在 2 秒内完成？
2325	synthetic_object_075_E2B	change	Starting at 25.5 seconds, change the sloped transfer chute's inner surface from silver to glossy cobalt blue over two seconds.	倾斜转运槽的内表面是否从银色变为亮面钴蓝色？	该变化是否在 2 秒内完成？
2326	synthetic_object_076_E1	change	Starting at 14 seconds, change the smaller upper carton from brown cardboard to bright blue over the next two seconds.	较小的上层纸箱是否从棕色纸板变为亮蓝色？	该变化是否在 2 秒内完成？
2336	synthetic_object_079_E2A	change	Starting at 31 seconds, change the incoming dark-blue suitcase to bright yellow over the next two seconds.	进入的深蓝色行李箱是否变为亮黄色？	该变化是否在 2 秒内完成？
2339	synthetic_object_080_E2A	change	Starting at 31 seconds, change the long yellow milking hose to bright blue over the next two seconds.	长黄色挤奶软管是否变为亮蓝色？	该变化是否在 2 秒内完成？
2353	synthetic_object_085_E1	change	Starting at 15.5 seconds, change the wind-up toy car's dark-green body shell to glossy cherry red over two seconds.	发条玩具车的深绿色车身外壳是否变为亮面樱桃红色？	该变化是否在 2 秒内完成？
2356	synthetic_object_086_E1	change	Starting at 14.5 seconds, change the displayed camera's black pebbled body covering to smooth warm ivory over two seconds.	展示相机的黑色颗粒纹机身包覆层是否变为光滑的暖象牙色？	该变化是否在 2 秒内完成？
2359	synthetic_object_087_E1	render	Starting at 11 seconds, render only the tabletop surrounding the white bowl as a dark indigo watercolor wash over two seconds.	是否仅有白碗周围的桌面呈现为深靛蓝色水彩晕染？	该渲染是否在 2 秒内完成？
2362	synthetic_object_088_E1	change	Starting at 17 seconds, change the pale display surface beneath the athletic shoe to dark navy felt over two seconds.	运动鞋下方的浅色展示面是否变为深海军蓝色毛毡？	该变化是否在 2 秒内完成？
2363	synthetic_object_088_E2A	convert	Starting at 34.5 seconds, convert the full athletic-shoe display into cool black and white with crisp tonal contrast over two seconds.	整个运动鞋展示是否转变为具有清晰明暗对比的冷调黑白画面？	该转换是否在 2 秒内完成？
2368	synthetic_object_090_E1	change	Starting at 14 seconds, change the globe's dark brown circular support frame to brushed silver over two seconds.	地球仪的深棕色圆形支撑框是否变为拉丝银色？	该变化是否在 2 秒内完成？
2369	synthetic_object_090_E2A	render	Starting at 34.5 seconds, render only the globe sphere as an embossed antique-bronze relief object over the next two seconds.	是否仅有地球仪球体呈现为浮雕古铜物体？	该渲染是否在 2 秒内完成？
2371	synthetic_object_091_E1	change	Starting at 10.5 seconds, change the pale support surface beneath the fountain pen to dark forest-green felt over two seconds.	钢笔下方的浅色支撑面是否变为深森林绿色毛毡？	该变化是否在 2 秒内完成？
2374	synthetic_object_092_E1	transform	Starting at 15 seconds, transform the full open-padlock scene into a detailed ink-and-watercolor illustration over two seconds.	整个打开挂锁场景是否转变为细致的水墨水彩插画？	该转换是否在 2 秒内完成？
2378	synthetic_object_093_E2A	change	Starting at 32.5 seconds, change the stapler's long silver upper handle to glossy signal red over the next two seconds.	订书机的银色长上柄是否变为亮面信号红色？	该变化是否在 2 秒内完成？
2381	synthetic_object_094_E2A	render	Starting at 30.5 seconds, render the tape-measure housing and extended yellow tape as clean colored-pencil artwork over the next two seconds.	卷尺外壳和伸出的黄色卷尺是否呈现为简洁的彩色铅笔画？	该渲染是否在 2 秒内完成？
2386	synthetic_object_096_E1	change	Starting at 10 seconds, change the vase's blue glazed body to deep emerald green over the next two seconds.	花瓶的蓝色釉面瓶身是否变为深祖母绿色？	该变化是否在 2 秒内完成？
2394	synthetic_object_098_E2B	change	Starting at 28 seconds, change every exposed brown scale tip on the pine cone to frosted white over two seconds.	松果所有露出的棕色鳞片尖端是否变为覆霜白色？	该变化是否在 2 秒内完成？
2403	synthetic_process_001_E2B	render	Starting at 27.0 seconds, render only the blue sky behind the mountain as a muted watercolor wash over two seconds.	是否仅有山后蓝天呈现为低饱和水彩晕染？	该渲染是否在 2 秒内完成？
2417	synthetic_process_006_E2A	change	Starting at 26.5 seconds, change the connected river water from muted blue-gray to clear pale turquoise over two seconds.	相连河水是否从柔和蓝灰色变为清澈浅青绿色？	该变化是否在 2 秒内完成？
2421	synthetic_process_007_E2B	transform	Starting at 26.5 seconds, transform the entire rainbow landscape into a soft gouache painting over the next two seconds.	整个彩虹景观是否转变为柔和的水粉画？	该转换是否在 2 秒内完成？
2433	synthetic_process_011_E2B	change	Starting at 29.0 seconds, change the main geyser water jet from white to translucent pale turquoise over two seconds.	间歇泉主水柱是否由白色变为半透明的浅青绿色？	该变化是否在 2 秒内完成？
2438	synthetic_process_013_E2A	render	Starting at 26.0 seconds, render only the dark sky behind the aurora with a fine charcoal-paper texture over two seconds.	是否仅有极光背后的暗色天空呈现为细腻的炭笔纸张纹理？	该渲染是否在 2 秒内完成？
2452	synthetic_process_018_E1	transform	Starting at 14.0 seconds, transform the full dust-storm scene into a cool steel-blue and neutral-gray duotone over two seconds.	整个沙尘暴场景是否转换为冷调钢蓝色与中性灰色的双色效果？	该转换是否在 2 秒内完成？
2454	synthetic_process_018_E2B	change	Starting at 28.5 seconds, change only the advancing dust wall to muted rust red over the next two seconds.	是否仅有正在推进的沙尘墙变为低饱和铁锈红色？	该变化是否在 2 秒内完成？
2456	synthetic_process_019_E2A	transform	Starting at 26.0 seconds, transform the full mountain snowmelt scene into a transparent watercolor painting over two seconds.	整个山地融雪场景是否转换为通透的水彩画？	该转换是否在 2 秒内完成？
2465	synthetic_process_022_E2A	render	Starting at 30.5 seconds, render only the upper blue sky above the harbor fog as a soft chalk-pastel field over two seconds.	是否仅有港湾雾气上方的上部蓝天呈现为柔和的粉笔彩绘色块？	该渲染是否在 2 秒内完成？
2476	synthetic_process_026_E1	transform	Starting at 14.0 seconds, transform the entire blue-liquid dispersion scene into a layered wet-on-wet watercolor painting over two seconds.	整个蓝色液体扩散场景是否转换为层次分明的湿画法水彩画？	该转换是否在 2 秒内完成？
2477	synthetic_process_026_E2A	change	Starting at 29.0 seconds, change only the remaining concentrated blue plumes to saturated violet over two seconds.	是否仅有剩余的浓缩蓝色羽流变为高饱和紫色？	该变化是否在 2 秒内完成？
2480	synthetic_process_027_E2A	change	Starting at 29.0 seconds, change the remaining white block fragment to pale pink over two seconds.	剩余的白色块状碎片是否变为浅粉色？	该变化是否在 2 秒内完成？
2482	synthetic_process_028_E1	transform	Starting at 14.0 seconds, transform the entire branching liquid-trace scene into a black-ink linocut print over two seconds.	整个分支状液体痕迹场景是否转换为黑墨版画？	该转换是否在 2 秒内完成？
2487	synthetic_process_029_E2B	transform	Starting at 29.0 seconds, transform the full shoreline scene into faded 1970s 16 mm film footage over two seconds.	整个海岸线场景是否转换为褪色的 20 世纪 70 年代 16 毫米胶片影像？	该转换是否在 2 秒内完成？
2488	synthetic_process_030_E1	transform	Starting at 14.5 seconds, transform the full transparent-box fog scene into a cool steel-blue monochrome grade over two seconds.	整个透明箱雾气场景是否转换为冷调钢蓝色单色调？	该转换是否在 2 秒内完成？
2490	synthetic_process_030_E2B	change	Starting at 29.0 seconds, change only the dense accumulated fog to pale lavender over two seconds.	是否仅有浓密积聚的雾气变为浅薰衣草紫色？	该变化是否在 2 秒内完成？
2499	synthetic_process_033_E2B	transform	Starting at 28.5 seconds, transform the entire amber-liquid pouring scene into an opaque gouache painting over two seconds.	整个琥珀色液体倾倒场景是否转换为不透明的水粉画？	该转换是否在 2 秒内完成？
2502	synthetic_process_034_E2B	shift	Starting at 28.5 seconds, shift the entire bubbling-vessel scene to a cool cyan high-contrast grade over two seconds.	整个冒泡容器场景是否转换为冷调青色高对比度色调？	该变化是否在 2 秒内完成？
2510	synthetic_process_037_E2A	change	Starting at 28.5 seconds, change the clearer upper liquid from yellow-brown to pale turquoise over two seconds.	较清澈的上层液体是否由黄褐色变为浅青绿色？	该变化是否在 2 秒内完成？
2511	synthetic_process_037_E2B	transform	Starting at 29.0 seconds, transform the full particle-settling scene into 1980s educational film footage over two seconds.	整个颗粒沉降场景是否转换为 20 世纪 80 年代教育影片影像？	该转换是否在 2 秒内完成？
2527	synthetic_process_043_E1	transform	Starting at 14.0 seconds, transform the full spreading black-film scene into a monochrome aquatint print over two seconds.	整个黑色薄膜扩散场景是否转换为单色飞尘腐蚀版画？	该转换是否在 2 秒内完成？
2532	synthetic_process_044_E2B	transform	Starting at 20.5 seconds, transform the full bucket-and-vapor scene into a soft pastel illustration over two seconds.	整个桶与蒸汽场景是否转换为柔和的粉彩插画？	该转换是否在 2 秒内完成？
2534	synthetic_process_045_E2A	shift	Starting at 29.0 seconds, shift the full melting-ice scene to a cool silver-blue duotone over two seconds.	整个融冰场景是否转换为冷调银蓝双色效果？	该变化是否在 2 秒内完成？
2539	synthetic_process_047_E1	change	Starting at 14.0 seconds, change the molten surface inside the round mold from orange to pale gold over two seconds.	圆形模具内的熔融表面是否由橙色变为浅金色？	该变化是否在 2 秒内完成？
2546	synthetic_process_049_E2A	render	Starting at 29.0 seconds, render only the visible bowl surface with fine incised ceramic hatching over two seconds.	是否仅有碗的可见表面呈现为精细的陶瓷刻划排线效果？	该渲染是否在 2 秒内完成？
2548	synthetic_process_050_E1	transform	Starting at 14.0 seconds, transform the full metal-sheet scene into a hand-colored scientific etching over two seconds.	整个金属板场景是否转换为手工着色的科学蚀刻画？	该转换是否在 2 秒内完成？
2552	synthetic_process_051_E2A	shift	Starting at 29.0 seconds, shift the full copper-surface close-up to a cool cyan-gray duotone over two seconds.	整个铜表面特写是否转换为冷调青灰双色效果？	该变化是否在 2 秒内完成？
2573	synthetic_process_058_E2A	render	Starting at 29.0 seconds, render only the square sample surface as coarse stippled plaster over two seconds.	是否仅有方形样品表面呈现为粗糙点刻灰泥质感？	该渲染是否在 2 秒内完成？
2576	synthetic_process_059_E2A	transform	Starting at 29.0 seconds, transform the full sheet-on-rack scene into 1960s industrial film footage over two seconds.	整个网架上薄片的场景是否转换为 20 世纪 60 年代工业胶片影像？	该转换是否在 2 秒内完成？
2578	synthetic_process_060_E1	change	Starting at 14.0 seconds, change the advancing brown stain to deep blue over two seconds.	正在扩展的棕色污渍是否变为深蓝色？	该变化是否在 2 秒内完成？
2582	synthetic_process_061_E2A	transform	Starting at 27.0 seconds, transform the entire wrapped-support scene into a detailed monochrome graphite product-study drawing over two seconds.	整个包裹支撑体的场景是否转换为细致的单色石墨产品研究素描？	该转换是否在 2 秒内完成？
2585	synthetic_process_062_E2A	change	Starting at 28.0 seconds, change the remaining opaque white central patch to pale cyan over two seconds.	剩余的不透明白色中央斑块是否变为浅青色？	该变化是否在 2 秒内完成？
2598	synthetic_process_066_E2B	transform	Starting at 28.0 seconds, transform the entire seed-germination scene into faded 1970s botanical film footage over two seconds.	整个种子发芽场景是否转换为褪色的 20 世纪 70 年代植物学胶片影像？	该转换是否在 2 秒内完成？
2600	synthetic_process_067_E2A	render	Starting at 28.0 seconds, render only the supporting wood cross-section as a charred mosaic texture over two seconds.	是否仅有支撑木材的横截面呈现为炭化马赛克纹理？	该渲染是否在 2 秒内完成？
2603	synthetic_process_068_E2A	change	Starting at 31.0 seconds, change the front-left foreground fruit to deep purple over two seconds.	前景左前方的果实是否变为深紫色？	该变化是否在 2 秒内完成？
2623	synthetic_process_075_E1	change	Starting at 18.5 seconds, change the rising batter surface to dark cocoa brown over 1.5 seconds.	正在上升的面糊表面是否变为深可可棕色？	该变化是否在 1.5 秒内完成？
2632	synthetic_process_078_E1	transform	Starting at 13.0 seconds, transform the full underwater root-growth scene into a subdued 1990s botanical documentary style over two seconds.	整个水下根系生长场景是否转换为低调的 20 世纪 90 年代植物纪录片风格？	该转换是否在 2 秒内完成？
2635	synthetic_process_079_E1	change	Starting at 14.5 seconds, change the visible moss-like patches to saturated blue-green over two seconds.	可见的苔藓状斑块是否变为高饱和蓝绿色？	该变化是否在 2 秒内完成？
2638	synthetic_process_080_E1	render	Starting at 15.5 seconds, render only the exposed apple flesh as layered stippled watercolor over two seconds.	是否仅有裸露的苹果果肉呈现为分层点彩水彩效果？	该渲染是否在 2 秒内完成？
2652	synthetic_process_084_E2B	transform	Starting at 29.0 seconds, transform the entire rice-soaking scene into a graphite-and-watercolor illustration over two seconds.	整个泡米场景是否转换为石墨与水彩结合的插画？	该转换是否在 2 秒内完成？
2669	synthetic_process_090_E2A	render	Starting at 27.0 seconds, render only the upper and lower press platens as hammered bronze over two seconds.	是否仅有上下压板呈现为锤纹青铜材质？	该渲染是否在 2 秒内完成？
2676	synthetic_process_092_E2B	render	Starting at 29.0 seconds, render only the gray tabletop beneath the basket as dark woven felt over two seconds.	是否仅有篮筐下方的灰色桌面呈现为深色编织毡？	该渲染是否在 2 秒内完成？
2678	synthetic_process_093_E2A	change	Starting at 27.5 seconds, change the right movable bridge truss to saturated cobalt blue over two seconds.	右侧可动桥桁架是否变为高饱和钴蓝色？	该变化是否在 2 秒内完成？
2693	synthetic_process_098_E2A	render	Starting at 27.5 seconds, render only the wooden tabletop beneath the bowl as dark slate over two seconds.	是否仅有碗下方的木质桌面呈现为深色石板？	该渲染是否在 2 秒内完成？
2706	synthetic_scene_002_E2B	change	Starting at 21.0 seconds, change the right floor lamp's warm yellow illumination to cool neutral white over two and a half seconds.	右侧落地灯的照明是否由暖黄色变为冷调中性白光？	该变化是否在 2.5 秒内完成？
2707	synthetic_scene_003_E1	change	Starting at 10.0 seconds, change both washing-machine door rims from silver gray to cobalt blue over two and a half seconds.	两台洗衣机的门框是否都由银灰色变为钴蓝色？	该变化是否在 2.5 秒内完成？
2714	synthetic_scene_005_E2A	render	Starting at 31.0 seconds, render only the complete mailbox wall behind the desk as a restrained hand-painted watercolor surface over three seconds.	是否仅有桌后完整的信箱墙呈现为克制的手绘水彩表面？	该渲染是否在 3 秒内完成？
2721	synthetic_scene_007_E2B	change	Starting at 30.0 seconds, change the garden weather to light low mist spreading across the paving over three seconds.	轻薄低雾是否扩散至花园铺装地面？	该变化是否在 3 秒内完成？
2732	synthetic_scene_011_E2A	change	Starting at 30.0 seconds, change the pale green privacy curtain to deep teal over two and a half seconds.	浅绿色隐私帘是否变为深青绿色？	该变化是否在 2.5 秒内完成？
2737	synthetic_scene_013_E1	render	Starting at 10.0 seconds, render only the complete bookshelf along the right wall as a softly layered watercolor object over three seconds.	是否仅有右墙沿线的完整书架呈现为层次柔和的水彩物体？	该渲染是否在 3 秒内完成？
2741	synthetic_scene_014_E2A	change	Starting at 29.0 seconds, change the front salon chair's dark charcoal upholstery to deep burgundy over two and a half seconds.	前方美发椅的软包是否由深炭灰色变为深酒红色？	该变化是否在 2.5 秒内完成？
2743	synthetic_scene_015_E1	change	Starting at 10.0 seconds, change the rear bench seat from warm orange wood to matte navy blue over two and a half seconds.	后方长凳座面是否由暖橙色木质变为哑光海军蓝色？	该变化是否在 2.5 秒内完成？
2768	synthetic_scene_023_E2A	render	Starting at 29.0 seconds, render only the wet intersection road surface as a muted watercolor region over three seconds.	是否仅有潮湿的十字路口路面呈现为低饱和水彩区域？	该渲染是否在 3 秒内完成？
2769	synthetic_scene_023_E2B	change	Starting at 26.0 seconds, change the left-foreground sidewalk wall from light gray stone to dark charcoal over two and a half seconds.	左前景的人行道墙面是否由浅灰石材变为深炭灰色？	该变化是否在 2.5 秒内完成？
2789	synthetic_scene_030_E2A	render	Starting at 25.0 seconds, render only the unlabelled lower counter strip as a hand-painted copper watercolor surface over three seconds.	是否仅有没有标签的下部柜台饰带呈现为手绘铜色水彩表面？	该渲染是否在 3 秒内完成？
2799	synthetic_scene_033_E2B	convert	Starting at 23.0 seconds, convert the complete exhibit-room scene into muted archival color film with restrained grain over three seconds.	完整的展览室场景是否转换为带克制颗粒的低饱和档案彩色胶片影像？	该转换是否在 3 秒内完成？
2802	synthetic_scene_034_E2B	transform	Starting at 27.0 seconds, transform the complete fallen-log waterside scene into a soft chalk-pastel landscape illustration over three seconds.	完整的倒木水边场景是否转换为柔和的粉笔彩绘风景插画？	该转换是否在 3 秒内完成？
2810	synthetic_scene_037_E2A	render	Starting at 29.0 seconds, render only the visible aircraft fuselage as a bronze woodcut illustration with engraved linework over three seconds.	是否仅有可见的飞机机身呈现为带雕刻线条的青铜色木刻插画？	该渲染是否在 3 秒内完成？
2813	synthetic_scene_038_E2A	change	Starting at 29.0 seconds, change the curved platform railing from dark gray to matte cobalt blue over two and a half seconds.	弧形平台栏杆是否由深灰色变为哑光钴蓝色？	该变化是否在 2.5 秒内完成？
2817	synthetic_scene_039_E2B	change	Starting at 27.0 seconds, change all three gray bins to matte dark green over two and a half seconds.	三个灰色箱体是否全部变为哑光深绿色？	该变化是否在 2.5 秒内完成？
2821	synthetic_scene_041_E1	change	Starting at 12.0 seconds, change the long wraparound curtains from muted taupe gray to matte deep teal over two and a half seconds.	长幅环绕窗帘是否由低饱和灰褐色变为哑光深青绿色？	该变化是否在 2.5 秒内完成？
2832	synthetic_scene_044_E2B	convert	Starting at 25.0 seconds, convert the complete projection-room scene into muted 1980s color film with fine grain over three seconds.	完整的放映室场景是否转换为带细腻颗粒的低饱和 20 世纪 80 年代彩色胶片影像？	该转换是否在 3 秒内完成？
2834	synthetic_scene_045_E2A	render	Starting at 29.0 seconds, render only the visible greenhouse tiled floor as a softly layered watercolor region over three seconds.	是否仅有温室内可见的瓷砖地面呈现为层次柔和的水彩区域？	该渲染是否在 3 秒内完成？
2837	synthetic_scene_046_E2A	change	Starting at 28.0 seconds, change the terrace railing from white to matte deep navy over two and a half seconds.	露台栏杆是否由白色变为哑光深海军蓝色？	该变化是否在 2.5 秒内完成？
2842	synthetic_scene_048_E1	change	Starting at 12.0 seconds, change the dental chair upholstery from reddish brown to matte cobalt blue over two and a half seconds.	牙科椅软包是否由红棕色变为哑光钴蓝色？	该变化是否在 2.5 秒内完成？
2846	synthetic_scene_049_E2A	change	Starting at 29.0 seconds, change both visible rear chair backs from dark charcoal to matte burgundy over two and a half seconds.	后方两把椅子的可见椅背是否都由深炭灰色变为哑光酒红色？	该变化是否在 2.5 秒内完成？
2849	synthetic_scene_050_E2A	change	Starting at 29.0 seconds, change the front red fabric roll to matte emerald green over two and a half seconds.	前方红色布卷是否变为哑光祖母绿色？	该变化是否在 2.5 秒内完成？
2856	synthetic_scene_052_E2B	change	Starting at 25.0 seconds, change the upper printer housing from medium gray to matte navy blue over two and a half seconds.	上方打印机外壳是否由中灰色变为哑光海军蓝色？	该变化是否在 2.5 秒内完成？
2859	synthetic_scene_053_E2B	change	Starting at 26.0 seconds, change the central tripod stand from matte black to matte cobalt blue over two and a half seconds.	中央三脚架是否由哑光黑色变为哑光钴蓝色？	该变化是否在 2.5 秒内完成？
2862	synthetic_scene_054_E2B	change	Starting at 26.0 seconds, change the central kitchen floor tiles from warm tan to cool slate gray over two and a half seconds.	厨房中央地砖是否由暖棕褐色变为冷调板岩灰色？	该变化是否在 2.5 秒内完成？
2864	synthetic_scene_055_E2A	change	Starting at 29.0 seconds, change the rear cabinet fronts from medium gray to matte sage green over two and a half seconds.	后方柜门正面是否由中灰色变为哑光鼠尾草绿色？	该变化是否在 2.5 秒内完成？
2867	synthetic_scene_056_E2A	change	Starting at 29.0 seconds, change the U-shaped dock deck from pale beige to matte medium gray over two and a half seconds.	U 形码头甲板是否由浅米色变为哑光中灰色？	该变化是否在 2.5 秒内完成？
2870	synthetic_scene_057_E2A	transform	Starting at 29.0 seconds, transform the complete tram-platform scene into a restrained architectural watercolor illustration over three seconds.	完整的有轨电车站台场景是否转换为克制的建筑水彩插画？	该转换是否在 3 秒内完成？
2872	synthetic_scene_058_E1	change	Starting at 13.0 seconds, change the information kiosk's unlabelled lower panels to matte deep green over two and a half seconds.	信息亭无标签的下部面板是否变为哑光深绿色？	该变化是否在 2.5 秒内完成？
2880	synthetic_scene_060_E2B	render	Starting at 26.0 seconds, render only the visible corridor concrete floor with subtle colored-pencil crosshatching over three seconds.	是否仅有通道内可见的混凝土地面呈现为细腻的彩色铅笔交叉排线效果？	该渲染是否在 3 秒内完成？
2883	synthetic_scene_061_E2B	transform	Starting at 27.0 seconds, transform the complete riverside walkway and stair scene into a restrained ink-wash landscape over three seconds.	完整的河边步道与阶梯场景是否转换为克制的水墨风景画？	该转换是否在 3 秒内完成？
2884	synthetic_scene_062_E1	change	Starting at 14.5 seconds, change the largest pale foreground rock to muted rust red over two and a half seconds.	前景最大的浅色岩石是否变为低饱和铁锈红色？	该变化是否在 2.5 秒内完成？
2897	synthetic_scene_066_E2A	change	Starting at 27.0 seconds, change the blank lower door of the right equipment cabinet to matte cobalt blue over two and a half seconds.	右侧设备柜无标识的下部门板是否变为哑光钴蓝色？	该变化是否在 2.5 秒内完成？
2899	synthetic_scene_067_E1	change	Starting at 14.0 seconds, change the long concrete trough wall from light gray to muted terracotta over two and a half seconds.	混凝土长槽壁是否由浅灰色变为低饱和赤陶色？	该变化是否在 2.5 秒内完成？
2903	synthetic_scene_068_E2A	change	Starting at 29.0 seconds, change the lower-right bench upholstery from dark blue to matte burgundy over two and a half seconds.	右下方长凳软包是否由深蓝色变为哑光酒红色？	该变化是否在 2.5 秒内完成？
2912	synthetic_scene_071_E2A	render	Starting at 29.0 seconds, render only the wooden storage chest as a terracotta stop-motion clay-animation model over three seconds.	是否仅有木制储物箱呈现为赤陶色定格黏土动画模型？	该渲染是否在 3 秒内完成？
2915	synthetic_scene_072_E2A	change	Starting at 30.0 seconds, change the weather across the empty street intersection to steady heavy rain over three seconds.	空旷街道交叉口的天气是否变为持续大雨？	该变化是否在 3 秒内完成？
2917	synthetic_scene_073_E1	change	Starting at 14.0 seconds, change the weather visible through the large rear windows to steady snowfall over three seconds.	后方大窗外可见的天气是否变为持续降雪？	该变化是否在 3 秒内完成？
2925	synthetic_scene_075_E2B	change	Starting at 27.0 seconds, change the broad unlabelled lower hull band from medium blue to deep burgundy over two and a half seconds.	船体下部无标签的宽色带是否由中蓝色变为深酒红色？	该变化是否在 2.5 秒内完成？
2927	synthetic_scene_076_E2A	change	Starting at 30.0 seconds, change the weather across the market lane to steady moderate rain over three seconds.	市场通道的天气是否变为持续的中等强度降雨？	该变化是否在 3 秒内完成？
2935	synthetic_scene_079_E1	transform	Starting at 13.5 seconds, transform the complete forest waterfall and pool scene into a restrained oil painting over three seconds.	完整的森林瀑布与水池场景是否转换为克制的油画？	该转换是否在 3 秒内完成？
2948	synthetic_scene_083_E2A	change	Starting at 30.0 seconds, change the hangar's unlabelled front door panels from medium gray to matte sage green over two and a half seconds.	机库无标签的前门面板是否由中灰色变为哑光鼠尾草绿色？	该变化是否在 2.5 秒内完成？
2955	synthetic_scene_085_E2B	change	Starting at 27.0 seconds, change both E1-split solar-panel blocks from deep blue to matte dark green over two and a half seconds.	E1 中分出的两个太阳能板区块是否都由深蓝色变为哑光深绿色？	该变化是否在 2.5 秒内完成？
2962	synthetic_scene_088_E1	apply	Starting at 14.0 seconds, apply a cool cyan-gray color grade with restrained contrast to the complete mountain-wall scene over three seconds.	完整的山地城墙场景是否呈现带克制对比度的冷调青灰色调？	该效果应用是否在 3 秒内完成？
2966	synthetic_scene_089_E2A	render	Starting at 34.0 seconds, render only the complete curved gravel shoreline as a dense charcoal drawing over three seconds.	是否仅有完整的弯曲砾石岸线呈现为浓密的炭笔画？	该渲染是否在 3 秒内完成？
2967	synthetic_scene_089_E2B	transform	Starting at 32.0 seconds, transform the complete glacial lake and curved shore scene into a restrained layered gouache painting over three seconds.	完整的冰川湖与弯曲岸线场景是否转换为克制的分层水粉画？	该转换是否在 3 秒内完成？
2979	synthetic_scene_093_E2B	change	Starting at 27.0 seconds, change the long planter border beneath the left windows to matte terracotta over two and a half seconds.	左侧窗户下方的长花池边框是否变为哑光赤陶色？	该变化是否在 2.5 秒内完成？
2988	synthetic_scene_096_E2B	transform	Starting at 27.0 seconds, transform the complete reed-lined wetland channel into a soft chalk-pastel landscape over three seconds.	完整的芦苇水道湿地场景是否转换为柔和的粉笔彩绘风景画？	该转换是否在 3 秒内完成？
2989	synthetic_scene_097_E1	transform	Starting at 14.0 seconds, transform the complete forest stream and dry bank into a restrained ink-and-watercolor woodland illustration over three seconds.	完整的森林溪流与干燥河岸是否转换为克制的水墨与水彩林地插画？	该转换是否在 3 秒内完成？
2995	synthetic_scene_099_E1	render	Starting at 14.0 seconds, render only the central grass-valley floor with fine muted-green colored-pencil crosshatching over three seconds.	是否仅有中央草谷地面呈现为精细的低饱和绿色彩铅交叉排线效果？	该渲染是否在 3 秒内完成？
2998	synthetic_scene_100_E1	change	Starting at 14.0 seconds, change the narrow footbridge slabs from pale beige-gray to muted brick red over two and a half seconds.	狭窄人行桥的桥面板是否由浅米灰色变为低饱和砖红色？	该变化是否在 2.5 秒内完成？
